lv_feeder_unique_id,avg_daily_consumption_per_device,std_daily_consumption_per_device,avg_total_consumption_daily,std_total_consumption_daily,avg_max_consumption_daily,std_max_consumption_daily,max_to_mean_ratio,std_to_mean_ratio,per_device_peak_ratio,max_to_min_ratio,weekday_weekend_ratio,mean_daily_time_at_peak,is_anomalous,anomaly_type,anomaly_intensity,anomaly_id
SSEN-400600301501,-0.8273958626116568,-0.37930434212676145,-0.5792707875479121,-0.42120148950414543,-0.5105450486036796,-0.4206281636817391,0.6619922159738229,0.886957656392673,-0.5781120370154279,0.6203803128295516,-0.28413969949137396,0.1616423446271551,0,,,
SSEN-400600301502,-0.5827738797881925,-0.49321556868234334,1.2500401257800666,1.6375908265823729,1.455692997608395,1.637491047028478,-0.4156989722131729,-0.2554618392567394,-0.5927812257924561,-0.44589185497687117,-0.11594741596229116,0.18402065827164266,1,gradual_drift,0.1,SSEN-400600301502-gradual_drift-0.1
SSEN-400600301503,-0.7184230402976542,-0.30125613369164644,-0.7059417914914273,-0.6332537103073738,-0.6532608372100575,-0.6332049531962229,1.039039832360013,0.97582437448818,-0.4159522191108114,0.7583919540747743,-0.19128766313767617,0.14672346886416288,0,,,
SSEN-400600301504,-0.8559047956984988,-0.7678132503134001,0.9783620497899277,1.0424478120357334,1.0044979862478691,1.0428517135265962,-0.724725065250987,-0.6695858116777057,-0.8754847967204203,-0.5886938809918362,0.23656946276058746,0.17656122039014735,0,,,
SSEN-400600301505,-0.8489186444150892,-0.33781197411465225,-0.7612047815107096,-0.6573775746797867,-0.7028353742854911,-0.6568868391996298,1.2696765158549024,1.2728238275698283,-0.49849143558892706,1.188144396095405,-0.6587142871845358,0.1616423446271551,0,,,
SSEN-401100228001,0.41364631130853247,0.05117703116296991,0.15102808965593503,0.09824223888113892,0.16445936815965087,0.097834335970676,-0.4445338403283078,-0.5585347864777744,0.21533366174671673,-0.3780961006545733,-1.2700141928027973,0.15418290674565818,0,,,
SSEN-401100228002,-0.029280314342516996,0.04468645884735336,-0.32711543706376534,-0.22465592413063112,-0.26402141555688763,-0.22415621941937258,0.15721776975453206,0.1945046466780978,0.036881968703590076,-0.08381334186211348,-1.0915679387016808,0.1616423446271551,0,,,
SSEN-401100228004,1.451369265084098,0.29426259891157386,0.626627778329713,0.24735024175890158,0.43016572414556825,0.24747175828913529,-1.1671882809832141,-1.2515392066809679,0.6938221910740598,-0.7400338388294764,2.122937201902454,0.14672346886416288,0,,,
SSEN-401100228005,0.5514080625089417,-0.09208900865988151,1.6088765834986816,1.3470848980563304,1.6181390697706322,1.3443363435169555,-0.876364120676638,-1.2025312941592063,0.1826487013121492,-0.6904456790683977,-0.4454331921712998,-0.30084280402559593,0,,,
SSEN-460000307001,-0.6143097352907732,-0.1416924472700934,-0.6713813072509853,-0.5166642258292646,-0.5532767659664892,-0.5161732869480979,1.3685443435930003,1.1650424809745574,-0.22243606659587653,0.5342799144959455,-1.5938433341733718,0.13180459310117065,0,,,
SSEN-460000307003,-0.5641785819718806,-0.07866496435955535,-0.5728073424093718,-0.33065580232949604,-0.45938347730332846,-0.33027603970221103,0.9821473089348457,1.2671764966923478,-0.26182819050569156,0.8730110807534796,-0.8333297547307271,0.16910178250865043,0,,,
SSEN-460000307004,-0.5087205407813974,-0.2119558042492136,-0.33010308798742644,-0.12162079132221539,-0.22822643388283415,-0.12190283493227255,0.3757840557209052,0.55680364879951,-0.34080688979185547,0.21997694837560794,-1.170113383207325,0.16910178250865043,0,,,
SSEN-460000307005,0.23671064799806,-0.25151440626441857,1.9207072459702348,1.6987615684915516,1.807742374484149,1.6988253540227123,-1.1309584736936666,-1.0925659067272322,-0.14302191021751015,-0.7925677005474666,0.18688130944733322,0.18402065827164266,0,,,
SSEN-460000307006,0.5335169211857794,0.45786938578379377,-0.3472553737655433,-0.258989825641618,-0.28704210821252096,-0.2584511807324842,0.18299642365701563,0.14540872043677722,0.5544196041876371,-0.28926806188017057,-0.5836033028101583,0.15418290674565818,0,,,
SSEN-460000640001,0.969805668074477,0.25409820185648124,2.375759784658843,2.338007823648423,2.316032140264457,2.3375330148866045,-1.0029843489690253,-0.892482040684661,0.43632342871105745,-0.5125371556744075,2.976297942138559,0.1618427014297565,0,,,
SSEN-460000640003,0.3686278848638946,0.26830070259679906,-0.11838924858099874,-0.004749209876524755,-0.06133713186829835,-0.00436107929454763,-0.06947202418393619,-0.003319758799857322,0.31437913444628984,-0.30231062050245516,0.8112339312464507,0.15418290674565818,0,,,
SSEN-460000667001,1.7337520294875264,0.6884313293102431,0.9968920607435122,0.8653126900792687,0.9691842548643721,0.865774053358439,-0.8515686234280473,-0.9031951719286989,1.0940910819781773,-0.43569917560257554,-1.4222724203124475,0.1616423446271551,0,,,
SSEN-460000667002,1.9090023303185166,0.5695937954246046,1.6582567891191822,1.288896798358287,1.564028844344848,1.2870359511783098,-1.0616287241548379,-1.2467245433952245,1.1150839103126202,-0.7854775436251176,0.09545205995099722,0.1616423446271551,0,,,
SSEN-460000702003,0.8277340970386714,0.15636183184673227,-0.9104276784992208,-1.181980950203467,-1.0255639832092343,-1.1829382280811565,0.7608735854555387,0.09451474068379535,0.7162996169717316,0.19656500646943748,-0.7988445845859536,-0.8970348581013866,0,,,
SSEN-460000702004,0.47857555537328883,0.763578022781228,-0.3677758629243504,-0.058212383882044236,-0.2544633192981594,-0.05812343179702023,0.48757642834671866,0.9518252366524064,0.6215442843833079,0.5766416970860805,-0.431036296108387,0.15418290674565818,0,,,
SSEN-460001515001,-0.3257737731187332,-0.36093580167556727,-0.1831387890673835,-0.21938764727747412,-0.23164080095995104,-0.21925104413313265,-0.5058930125741781,-0.3847285685224446,-0.41425752505702884,-0.43579456905943853,-0.4759073976264254,0.1616423446271551,0,,,
SSEN-460001515002,-0.8451457853762212,-0.655312058755108,-0.7456976048855607,-0.8714341468789839,-0.8075604272491637,-0.8709316874919799,0.02616329523901566,-0.180541528856745,-0.7278898735865028,-0.23558255711595236,0.6101862544701382,0.13180459310117065,0,,,
SSEN-460001515003,-0.24934021751019217,0.06752447862876373,-0.4977335962500321,-0.3166496146433327,-0.41677494074600463,-0.3169921347569858,0.6044045069294891,0.6999692246974929,-0.04875191786106748,0.12509756051655674,-0.30472671301247567,-0.009924726647253105,0,,,
SSEN-460001515004,-1.0009094339732234,-0.6630700962292437,-0.8733443790806465,-0.9716153542362156,-0.9300951754709986,-0.9711277993929465,0.5354756771087091,0.31108517344121545,-0.7828692407666965,-0.030076786858662812,0.46445616577121235,0.07958852793069866,0,,,
SSEN-460001515005,-0.8194117626374401,-0.7507042080837673,-0.29719430022389504,-0.44664644081215776,-0.37233746351920366,-0.44626208654146543,-0.5493144253152663,-0.6864707314718899,-0.8202716052263189,-0.5090640021308821,-0.13460126339552875,0.1616423446271551,0,,,
SSEN-460200307001,-0.5025724521820953,-0.04589534269687851,-0.8292598237762826,-0.7855271459970729,-0.8213651205489738,-0.7852319195439681,0.9982836949228266,1.1558619709431073,-0.192776339956671,0.7220979775335296,0.42491245713479964,0.11659167310633613,0,,,
SSEN-460200307002,-0.34754337721238127,-0.02677673184842678,-0.11231564220426846,0.2771007058668704,0.0006685752009094952,0.27747616439893746,0.10756743629051153,0.6946984871803257,-0.2507752046883443,0.41302312126800733,-1.2095544517114176,0.16910178250865043,0,,,
SSEN-460200307006,0.05460358246298552,0.3646832290351812,-0.48174220664220535,-0.2774069785451946,-0.42404473059935,-0.27684517809063824,0.4397565646907109,0.9311383154785134,0.19400943041857602,0.7441151488735834,-0.5256618483755436,0.13926403098266596,0,,,
SSEN-460200307007,-0.3030188892654386,-0.18086705084082325,-0.6356745877265819,-0.671588579575357,-0.6730722381088966,-0.6714480350076844,0.19208178201507375,0.28645338298829937,-0.23781360512215502,0.11332171384290923,0.030308869420788517,0.13180459310117065,0,,,
SSEN-460200307008,-0.729241770862142,-0.7769320223175042,1.014190762743806,0.8102515929512564,0.9091860380033061,0.8100740367585973,-1.04484869777424,-1.0562750855822092,-0.8389619897097396,-0.5965731364525423,-0.17579384237302126,0.18417477888902944,0,,,
SSEN-460200307009,-0.7247454327045832,-0.5041094476255513,-0.8428291685679233,-0.9552894020956197,-0.9180122564133462,-0.9556822939909015,0.17701602825922422,0.028028176328015204,-0.5910896721136107,-0.21793140776347084,-0.6589612563164114,0.13180459310117065,0,,,
SSEN-460200307011,-0.7025705312859909,-0.1731547957427276,-1.062789605347773,-1.1576543674095596,-1.1262617620820894,-1.1574091495501786,1.5219843351481523,1.357860321057689,-0.28244969172780615,0.9258582951559409,0.3348556059219105,0.0874185210417291,0,,,
SSEN-460200618001,0.02788967088300553,0.13622448959305886,-0.4604523394022675,-0.39284507454509265,-0.45577493912641404,-0.39251317786535606,0.04513144901743889,0.25371841848065607,0.06017610032584656,-0.016872179221209295,-0.42759251730891784,0.12434515521967535,0,,,
SSEN-460200618002,0.0011813217932017078,-0.16347551615923345,0.1722883137436184,0.1695054792031419,0.1669884930727138,0.16971782325494048,-0.461665625632846,-0.37809773479192427,-0.14106900748114035,-0.2570879209652367,-0.41330968369496945,0.18402065827164266,0,,,
SSEN-460200618003,-0.19089347598449524,-0.33530071494541586,2.1890426198283808,2.5005209330107543,2.218968668434903,2.501185637230206,-0.9550956418928671,-0.6415830810673817,-0.40698258779578367,-0.5842037716982392,-0.21632306607709245,0.1618427014297565,0,,,
SSEN-460200618004,-0.13903142090940396,-0.21993948328265472,0.07326658715794174,0.10286358123684115,0.07088719462528724,0.10309484130110563,-0.4527812834825555,-0.3334145581822046,-0.23976360423568985,-0.29067932389231754,-0.27023362576786736,0.18402065827164266,0,,,
SSEN-460200618005,-0.22007591679700284,-0.2035384296580719,-0.27397117007721516,-0.2547768605598442,-0.23411534509018833,-0.2542851173989475,-0.02904178723608197,-0.15887774024715312,-0.18293342330835705,-0.22731970481621816,-0.2634481639654058,0.1616423446271551,0,,,
SSEN-460200618006,-0.1498055121181339,-0.383648413965337,2.068027284149092,2.0901477722151696,2.1625633236269617,2.0901731592888977,-0.7513530490268616,-0.8003828926486227,-0.33261522621303696,-0.6704175834143641,-0.62716860129831,0.17656122039014735,0,,,
SSEN-460200618007,-0.05576735957508162,-0.2808748705783287,0.8245687199969063,0.8385881847213136,0.8498722433188689,0.8386891878704031,-0.7233481764369761,-0.7151608909782677,-0.24109529841636534,-0.6456698949983881,-0.2237143938234344,0.17656122039014735,0,,,
SSEN-460500501301,-0.0688628340110689,-0.12968919262988435,0.8146970227701581,1.1216525006730302,0.9896406466919621,1.1206843979933925,-0.3031307163587474,-0.1736490721364429,-0.1419181546510382,-0.2592531516550141,-0.7227153936481905,0.1618427014297565,0,,,
SSEN-460500501302,0.7384110278148222,0.11576983602011505,0.06997267516191119,-0.11512920659632667,0.013035159551068529,-0.11569910992297829,-0.6867697122819082,-0.8932307671437958,0.3979381296314161,-0.5350832384741092,0.30673865385405163,0.15418290674565818,0,,,
SSEN-460500501303,0.041179856932321575,-0.39072547486272274,1.5645706937199226,1.2547206145847383,1.380925760143832,1.2539137954577737,-1.2359208291747454,-1.1897882426836408,-0.3230149937400982,-0.6362427823085636,-0.2370596755400336,0.16928672724951363,0,,,
SSEN-460501021001,0.19206132131370263,0.8358953956232316,-0.7348475696534656,-0.523874402334036,-0.6501152768362563,-0.5240026302691364,1.5502798308336478,1.8938518347179483,0.6332412933265276,1.5880665577508484,-0.7845376076415626,0.1539662425748272,1,gradual_drift,0.1,SSEN-460501021001-gradual_drift-0.1
SSEN-460501021002,-5.335412798842874e-05,0.5444160696141621,-0.9546038456854767,-0.9592149693203885,-0.9856693419287065,-0.9593563006782335,1.3133680351153112,1.613962619396064,0.39588585328217935,1.4748942522716935,0.42060334587967013,0.02198333496872216,1,gradual_drift,0.1,SSEN-460501021002-gradual_drift-0.1
SSEN-460501021003,0.23501123376205793,0.11308173301294426,-0.0828271765978095,-0.00641630229515897,-0.08819558046942026,-0.006376101164041318,-0.3840030038904606,-0.18384276970843033,0.09630046994111348,-0.3087929604368441,-0.4869463658591349,0.1689160703622236,0,,,
SSEN-460501021004,0.569154852455901,1.078475440514769,-0.7057679027013644,-0.5182236340826389,-0.6559443360105015,-0.5180026205376668,0.894353961201399,1.4103748349039715,0.8676713785320133,1.0508223038499944,0.1837219570221676,0.08116986486917485,0,,,
SSEN-460501721001,1.0629907552254885,0.006279724419074363,1.547077197226575,0.9829087781276228,1.332049984780482,0.9832291980976435,-1.220610873439853,-1.4769902773714296,0.4046499540079512,-0.8190528294445328,0.10606291762626763,0.15418290674565818,0,,,
SSEN-460501721004,3.681798868466084,6.007918013175366,-0.6430344189921733,0.09030359876866423,-0.39857180046118346,0.0893578607211794,2.0618063465914185,3.3625504800317083,5.046337647547178,3.050281151677619,0.8549013691188017,-0.7239963711213672,0,,,
SSEN-460501721005,2.6793509846497665,3.161143451936605,-0.5251078670606212,-0.17835060720286772,-0.344828108689932,-0.17876894302232343,1.3208365866229381,1.6045796753799064,3.238904590017637,1.2818321573221365,-0.9316669769198255,0.038349888812909357,0,,,
SSEN-460501724001,0.10724060480402949,-0.1857196400497076,1.3957573113061368,1.4648174823035125,1.4196197967193536,1.4648687143236423,-0.8254942119184439,-0.7310025324317758,-0.1428676059507175,-0.47149089267040234,0.1664965795910664,0.17639098425592184,0,,,
SSEN-460501724002,-0.02152666110257543,-0.35953901940306887,2.055671925522765,1.9374872766500961,2.0787006124879097,1.937595687483277,-0.8652842296571078,-0.988320887371771,-0.2595458850918057,-0.5943138171358434,0.5202365860722663,0.17639098425592184,0,,,
SSEN-460501724003,-0.2015964301638867,-0.12647526249106344,-0.1637659118799239,-0.05064843795454202,-0.09200423526490992,-0.05037038970322541,0.0916456446837735,0.10586641669244869,-0.1499998867021388,0.003472171581926827,-0.6910998450604245,0.14625822325824797,0,,,
SSEN-460501724004,-0.06721099507982521,-0.40657665695037354,0.8701457428826217,0.6370259497592059,0.8394518366242342,0.6371440987494944,-0.7599325896897049,-0.9931094622741642,-0.28325714356893195,-0.5673628190834856,-0.46291651693978925,0.17639098425592184,0,,,
SSEN-460600102001,-0.030680153308973515,-0.1332347250561989,-0.7243202838919048,-0.8637098316878409,-0.8156856464087612,-0.8636151422348792,-0.27674453918946723,-0.3461851524263919,-0.08635172452764076,-0.2823866604399391,1.1837115470276345,0.10065871468156305,0,,,
SSEN-460600102003,2.2514355581703644,0.41898791401695673,3.2162835074064695,2.1865846744229804,2.5791615208892,2.1872403602872974,-1.695144977103981,-1.6709586247291752,0.9491764847787021,-0.8375442037035824,0.2984565170082982,0.1539662425748272,0,,,
SSEN-460600102004,1.503774022155895,0.46844136368454486,0.5283604778577414,0.2847053403152427,0.3278226047290938,0.2850220536147035,-1.202365534487424,-1.0308411735899778,0.7284127925852009,-0.6487123652719989,2.3348835950391322,0.16144115646852542,0,,,
SSEN-460600103002,0.3127167423181346,0.19766754116036755,-0.2365412493119111,-0.1774658450806118,-0.25945687262442385,-0.17697017034631574,-0.37689497404430944,-0.10383567718769274,0.16773705621818008,8.905227574163051,-0.3046154819995981,0.16144115646852542,0,,,
SSEN-460600103003,-0.6225628561517761,-0.14709467177080482,-0.8894129193600385,-0.8828790415514789,-0.8895665106109558,-0.8824654868714688,1.2492481248599876,1.1943336804779163,-0.2671662006520335,0.30711357773076053,-0.3760607423650867,0.10911675921263791,0,,,
SSEN-460600103006,0.31911815595638615,-0.2659457716027037,1.7106137552991885,1.361140680809149,1.596049115753228,1.3615656818824087,-1.0733803376867,-1.2052457704765585,-0.07836682900419041,-0.7964599487109641,0.05799092731181469,0.18386589814962004,0,,,
SSEN-460600105004,0.6011150762190508,0.09688213110703443,0.3248037868523288,0.20709345560664838,0.2712434200244661,0.2069349560114981,-0.6887085828207192,-0.7224996393352712,0.2657326109892602,-0.5624561753251008,-0.2287881106489629,0.16144115646852542,0,,,
SSEN-460600105005,0.0763160331643477,-0.1660427441413266,-0.20522689701577163,-0.31894180401508837,-0.23756778657382094,-0.31902403680775643,-0.3863404781844695,-0.6105914806197005,-0.044420291512194114,-0.5342478974317647,0.0972314550397845,0.1689160703622236,1,gradual_drift,0.1,SSEN-460600105005-gradual_drift-0.1
SSEN-460600208001,-0.41327116030349037,-0.05605307097757327,-1.1031170238352246,-1.2271240783160555,-1.22341738686118,-1.228041174294979,1.1703886059562503,0.9250679266359004,-0.16296135951408725,0.2633323146812196,-0.9289869891437081,-0.7135983668017052,1,gradual_drift,0.1,SSEN-460600208001-gradual_drift-0.1
SSEN-460600208002,0.7490845538182808,0.04438481532397244,-0.17272204367604915,-0.4361168703536387,-0.3421073054997099,-0.435936688621921,-1.0639562697493594,-1.0634878146659075,0.24620757054195586,-0.7495999753432373,2.0445543801535133,0.11659167310633613,0,,,
SSEN-460600208003,-0.29830012315460647,-0.000900523911488563,-0.45918567955817685,-0.2810923507581842,-0.3805403733080785,-0.28054685166341076,0.5086028353389973,0.6364281563496775,-0.11676281015822755,0.2197845472738153,3.7215141014918567,0.1539662425748272,0,,,
SSEN-460600434001,1.1899455399462877,0.474958325648129,0.663976352845058,0.6070284795169519,0.7016229037942229,0.6060587504467837,-0.4722719485493235,-0.5469266648650187,0.7988518444069481,-0.23969337406455196,0.2357377336621447,0.16144115646852542,0,,,
SSEN-460600434002,0.5792449794727123,0.41876502802924725,0.3387458847209374,0.5990591867202004,0.5352016196970331,0.5986753862983235,0.04687565691698004,-0.013305207627836201,0.5472175496190997,-0.18009173610693652,-0.6618802338110321,0.1689160703622236,0,,,
SSEN-461000302001,-0.11284326679465344,-0.39896583095879856,8.038178061197367,8.528724590627387,7.901923186038903,8.528194969781248,-1.2928674350788725,-0.9728806971757883,-0.44463127943634645,-0.7990414615072862,-0.2821269459182683,0.18402065827164266,0,,,
SSEN-461000302002,0.15951067995682233,-0.008807458256722916,-0.016809829302481944,0.003947047202616821,0.0011348938761279526,0.004137580435066366,-0.33456928423125704,-0.3462424273019538,0.04731472180483927,-0.37639874602020384,0.4905582661166642,0.16144115646852542,0,,,
SSEN-461000307001,-0.6456621757411348,0.19619992956765905,-0.9977468277270829,-0.9442919345982146,-0.9828158701720187,-0.9443492525403054,2.861933526749398,2.730805958791264,-0.03172660109058739,2.1301953845174935,0.962870486350015,0.10911675921263791,0,,,
SSEN-461000307002,-0.7456613208823011,-0.2873540773960167,-0.7895138708685417,-0.7331855906758432,-0.7515564554361911,-0.7326223874942285,1.2337309298707653,1.148347209681145,-0.4120333374399979,0.5516858105774143,-0.13783464066595275,0.1689160703622236,0,,,
SSEN-461000307003,0.44389646114707965,-0.22652276461443274,1.9675706777113937,1.5513465323598006,1.8513145095780004,1.5517228555686267,-1.1167920120426529,-1.2973832928959315,0.007969636219341887,-0.80436184893444,-0.2862276562766084,0.18402065827164266,0,,,
SSEN-461400507003,-0.0027454198548921543,0.48215174663996874,-0.9775351226973634,-1.003549865031223,-0.9843495799096329,-1.0078462723010706,2.0630999966239423,1.5756236871960705,0.5240056592948658,0.6539750186796248,1.0102302940638488,-0.3317775317106222,0,,,
SSEN-461800102001,-0.7524639528337386,-0.8033205243424402,0.7658667994981856,0.5183415900390674,0.683583975841839,0.5187192836709137,-0.9531321832196065,-1.1220335065641187,-0.8356574802228158,-0.7461912076666495,-0.5013784137281764,0.17656122039014735,0,,,
SSEN-461800102002,-0.29209493840357564,-0.26339461851441676,-0.7044127588098824,-0.8179936828506378,-0.7610638297194333,-0.8176532449926784,0.08693356519867869,-0.13815696252198698,-0.23678741368083822,-0.13887161133111153,-0.1947856457716543,0.146491328681129,0,,,
SSEN-461800102003,-0.8012133581447485,-0.21817663368450335,-0.976992668590005,-0.9889384216329669,-0.992337982816825,-0.9887003057372099,1.6825948572589216,1.6158206398095845,-0.37727537238833336,0.8792374188481707,-0.5052345446406203,0.1539662425748272,0,,,
SSEN-461800102004,-0.07117538851121995,0.07320362392233183,-0.44792217178392485,-0.3436211165148642,-0.38481936641181347,-0.34355013729867473,0.3436719824715275,0.3640034499395785,0.05624351834941842,0.3248776647513493,0.44258169366362426,0.1689160703622236,0,,,
SSEN-461800102005,-0.5275319492486554,-0.6501268091430837,0.006179724468605948,-0.21328167788459607,-0.11299825891267999,-0.2129082884224849,-0.9060664610330079,-0.976889943792285,-0.6634011713458025,-0.6662187894758567,0.31690146911058326,0.18386589814962004,0,,,
SSEN-461800102006,-0.6816642773403364,-0.37264571151527237,-0.5209797340825666,-0.43200873034849313,-0.47284705176627295,-0.4317663653892054,0.4615382067010561,0.5177191328830845,-0.49130802194512274,0.15321626394584348,-0.7947331780315324,0.1689160703622236,0,,,
SSEN-461800108001,-0.59113688257613,-0.6161097721983837,0.12522151284732053,0.026883852887696447,0.11568844626986248,0.026887175043994595,-0.5395108613058046,-0.7183772615123659,-0.6294610703227665,-0.6760415338373719,-0.7615688455418215,0.16144115646852542,0,,,
SSEN-461800108002,-0.24918567938463737,-0.0491323168222091,-0.7720501548155989,-0.8097693616391417,-0.7588679780493581,-0.8093617895626186,0.8759504908837573,0.43788678658295266,0.01699163202454586,0.0869141214926116,-0.5898505791416171,0.13901641478743076,0,,,
SSEN-461800108003,-0.22435417833885382,-0.13979160309649807,-0.5398749238081911,-0.5597852247329026,-0.5714126625907358,-0.5594515734093002,-0.04768354583616861,0.06970133693908981,-0.1949493724978041,-0.09515370540861366,-0.35851105269343136,0.1539662425748272,1,gradual_drift,0.1,SSEN-461800108003-gradual_drift-0.1
SSEN-461800108004,-0.8912307590688187,-0.7271620354314667,-0.2254294963445565,-0.25582251556820435,-0.2515116760878953,-0.25543048362373416,-0.44789409307284084,-0.39080546390238674,-0.8502780964407348,-0.4926283167848702,-0.44853472026813457,0.1689160703622236,0,,,
SSEN-461800108005,-0.4785869331904481,-0.45142262340301015,0.16544238839330558,0.22696821367812353,0.15286419886257283,0.2271590700341809,-0.6188394595554982,-0.3944532873819721,-0.5500420522256994,-0.4924065965581399,-0.6976027178781969,0.1689160703622236,0,,,
SSEN-461800108006,-1.3542008079717993,-0.8649140331756049,-1.017061394022206,-1.130330121538736,-1.097635947603709,-1.129806140096203,0.9283752656661949,0.885709608541512,-1.0773858069622742,0.493263306102349,-0.5344960287107727,0.13154150089373257,0,,,
SSEN-461800122002,-0.5401136668245919,-0.40304362431495094,-0.3635054347494865,-0.3370345409792822,-0.3656865775672617,-0.3365949765125065,-0.1421916909769671,-0.021793276570479272,-0.4961065668183022,-0.16584259941632262,0.33634660774692243,0.18386589814962004,0,,,
SSEN-461800122003,-0.28182903732925874,-0.2745677924118594,0.21926558171446334,0.35069892079939896,0.2421142866691577,0.3510399077994913,-0.4177164332897104,-0.1856864132016319,-0.3589811038709452,-0.21812720020488902,-0.12430517247691733,0.1539662425748272,0,,,
SSEN-461800122004,-0.3419374459789904,-0.2787363121090833,-0.31462761800220335,-0.2893228419903104,-0.2588837181207093,-0.2890607400601089,0.1408100631595722,-0.08057457048801266,-0.26136034093057614,-0.22761407675422823,-0.5516004782546533,0.146491328681129,0,,,
SSEN-461800122005,-0.23795065190982745,-0.3024264125177266,-0.18813424955778482,-0.23364994713050477,-0.2293156125741977,-0.2333476154958413,-0.49837244828791133,-0.390092063616219,-0.33014730286698146,-0.3786251005046765,0.323819308852622,0.16144115646852542,0,,,
SSEN-461800122006,-0.6983173191398575,-0.4918915294571693,-0.3648006223205575,-0.30643851272362543,-0.3328132055349023,-0.30617050803350904,-0.0016968132174477078,0.05130544905444089,-0.5974788959809958,0.08534193600781934,0.17468703119721166,0.13901641478743076,0,,,
SSEN-461800202001,-0.1510536114078124,-0.4246843644277866,1.2742189275285076,1.148532294231987,1.2384489844152553,1.1482144410743957,-0.9361815897472208,-0.975846931471916,-0.37469754398067506,-0.7274514825902582,-0.32211010916710925,0.16910178250865043,0,,,
SSEN-461800202002,-0.5091113074105356,-0.537168486281565,0.5100549637355766,0.5202851243018451,0.5734990429563677,0.520936981855888,-0.5092546259212369,-0.6312951178930228,-0.5495993700911469,-0.5746379479737613,-0.32614873709015196,0.18386589814962004,0,,,
SSEN-461800202003,0.056023825982490255,-0.13838335611868935,-0.7790088319479233,-0.981927771758139,-0.8805841662719466,-0.9817537861353818,-0.07281037187033482,-0.47262409924668053,0.04246678756327499,-0.5212878299310942,-0.6942893681302968,0.07057179612822256,0,,,
SSEN-461800202004,-0.35267424276350073,-0.4935527999564069,0.013226722276049853,-0.12717478846266272,-0.05806796456196763,-0.1266267613189545,-0.7487851811727145,-0.7981041519844626,-0.4868094179497968,-0.725331546016882,-1.020944093985636,0.18386589814962004,0,,,
SSEN-461800202005,0.05737173502537702,-0.1252328643155135,0.5900605212791356,0.695379830939319,0.6115389385666953,0.6957307878432484,-0.6523865818925164,-0.4852414358889116,-0.12958767547970518,-0.47178041362324785,-0.3983798578054085,0.1539662425748272,0,,,
SSEN-461800202501,-0.539494633491777,0.3922009954231568,-1.1315573663891223,-1.172423001970677,-1.194468559533031,-1.1728685884926238,2.569316399095278,2.9676019954753663,0.1287940825595748,4.825967958823716,0.48772772408896076,-0.2457921524601555,0,,,
SSEN-461800204001,-0.5712382032041502,-0.5514959227384235,1.099929726993419,1.2700389373680692,1.7959987861699114,1.269909791849736,0.797559515848889,-0.4805480142010243,-0.33013302968150454,-0.2904710602337354,0.040570289729821865,0.16910178250865043,0,,,
SSEN-461800204002,-0.5442151356089516,-0.6151973419953398,-0.10571529383644963,-0.27605867680862783,-0.1692699920201709,-0.2761396992645046,-0.6281086018393046,-0.7976402191984409,-0.615244859961839,-0.6543505887745136,-0.4445337001656439,0.17639098425592184,0,,,
SSEN-461800204003,-0.25238065418758987,-0.5152958019460977,1.1511134706698085,0.943082869842032,1.0519648584030994,0.9426217127004376,-1.0461068446220054,-1.076145059982136,-0.4815410148208138,-0.7805940225379798,0.3371316887106092,0.16910178250865043,0,,,
SSEN-461800204004,-0.2192553913430911,-0.48610360574492295,1.3510855967089181,1.1755566135909203,1.2856125941144305,1.1756087307660772,-1.0181045754882265,-1.0639985776376772,-0.44765281674857876,-0.7923694273135908,-0.4921901377097177,0.1616423446271551,0,,,
SSEN-461800204006,-0.7570748608975816,-0.5671258172175313,-0.5497130794151529,-0.5933447511596182,-0.569516953837725,-0.5928359173412068,0.045830503519165226,-0.08527255086830315,-0.6513909872997378,-0.2859127797512685,-0.34827925197239384,0.1689160703622236,0,,,
SSEN-461800205002,-0.22358792304073194,-0.05552904231709539,-0.457263801549904,-0.3681775000938627,-0.4160918105681272,-0.36775042926680934,0.24454651090347518,0.3164444523677083,-0.11439250230692842,0.156191739968639,-0.9897925299294598,0.18386589814962004,0,,,
SSEN-461800205003,-0.4635823480386065,-0.3902484805285435,-0.15660314812156625,-0.1126839797523949,-0.12984335019315876,-0.11239017884700765,-0.21816254731027127,-0.20990708675004094,-0.4433204581740137,-0.3247769217416885,-0.1726564241880823,0.1616423446271551,0,,,
SSEN-461800206001,-0.7931806829072506,-0.6585838346283154,-0.33138261385277573,-0.38658544790687954,-0.3395195339516006,-0.38625941382049933,-0.24089501660594706,-0.38539876609680546,-0.7289249206040155,-0.40430179761615637,-0.5385030232488541,0.1539662425748272,0,,,
SSEN-461800206004,-0.6052562256553623,-0.29164499938372707,-0.7577455569700678,-0.7681411056023607,-0.7524694248630565,-0.767640577920057,0.739961840032985,0.5531894477681965,-0.3572567671769641,0.1029781668641254,-0.6712138258991539,0.16144115646852542,0,,,
SSEN-461800210001,0.7155331701688334,0.37024063145250463,-0.266159005020517,-0.3041739344988919,-0.2859064480761904,-0.30371506383433666,-0.22039866925050108,-0.21842440901486024,0.5248934345613714,-0.2761868234627257,0.04868234707108685,0.146491328681129,0,,,
SSEN-461800210002,-0.29092865921393346,-0.14668481435345138,-0.7412070108967356,-0.8042513299178293,-0.7816153589691212,-0.8038247687293226,0.21614841822755454,0.16980955062735673,-0.17635800189775805,0.036824152207152475,-0.522701241361802,0.1539662425748272,1,gradual_drift,0.1,SSEN-461800210002-gradual_drift-0.1
SSEN-461800210003,0.6192796746937147,0.2998634949093501,1.029977652341804,1.3128311716136847,1.0766979942710577,1.3133097000150424,-0.7287332503291962,-0.3681928419534304,0.29777625843558275,-0.4588532297096871,-0.2798617720511857,0.17639098425592184,0,,,
SSEN-461800210004,-0.15452170304222276,-0.18593081622648824,-0.5458000462521828,-0.6250143435212593,-0.624878493295928,-0.6248543876226558,-0.403172348789821,-0.2194088068876911,-0.23392565492645326,-0.39234200768604177,-0.3156333101077879,0.13154150089373257,1,gradual_drift,0.1,SSEN-461800210004-gradual_drift-0.1
SSEN-461800310001,1.1245220802857707,0.6662525822320557,-0.09935879139584718,-0.09432815538891601,-0.11169904625577186,-0.09421177018095732,-0.35634292909806653,-0.2365797390316355,0.8336653066522672,-0.19814073428869344,-0.767745808662672,0.11688571733817843,0,,,
SSEN-461800310002,-0.1416016881703933,-0.007212758240392302,-1.0186322126646394,-1.1791153994120733,-1.1497168858234812,-1.179266293054057,0.2756773918453207,0.31551655050090305,-0.09907167955378747,0.5052251170389137,0.3434064232014237,-0.3570718579297833,1,gradual_drift,0.1,SSEN-461800310002-gradual_drift-0.1
SSEN-461800310003,3.4232259163053924,3.6989124235615414,-0.3042791768649229,0.16017224575666955,-0.23538804530854138,0.15992468279027638,0.015979312111866623,1.1122784868799702,3.158277649004161,0.70308228293059,-2.159747154677656,0.0012644301749906647,0,,,
SSEN-461800310004,-0.9539404417083334,-0.5818955717393032,-0.8953427658239785,-0.9748428763930101,-0.9569238076020627,-0.9745480671341463,0.5498272553226963,0.5192567336549395,-0.7361202785167006,-0.004145340267570942,-0.936673186937864,0.11688571733817843,0,,,
SSEN-461800310005,-0.7999541949593933,-0.4812716985269538,-1.0035971034909241,-1.1465731222687625,-1.088444413018023,-1.146264369982162,0.7464793758152151,0.39478914318774383,-0.5570546290728688,-0.2544486275591636,-0.11584356555593533,-0.07705966758071572,0,,,
SSEN-461800312001,-0.6560184575405689,-0.5913598114329616,0.3555148606593054,0.4150516201052005,0.3095883778402004,0.41553317061189543,-0.7864517129246675,-0.4559977232304677,-0.7296265543404478,-0.3287652884828602,0.4687218486341571,0.17656122039014735,0,,,
SSEN-461800312002,-0.986383804181553,-0.6644949461970868,-0.49442036502028147,-0.43474102647402857,-0.5143659061124272,-0.4341631784965736,-0.11852143219886788,0.23842184730290256,-0.8725517615021113,-0.12359816868085334,-0.2908708411118938,0.15418290674565818,0,,,
SSEN-461800312003,0.17642029629095357,0.3974936267221237,-0.3599886475365148,-0.1414438323023441,-0.18919123734831805,-0.14124730945004738,1.0837550088409218,0.9435070085190497,0.4516554274942796,0.29349114692333333,0.13484630754191224,0.1689160703622236,0,,,
SSEN-461800312005,-0.33556552487037977,-0.3978935501257692,0.14343615845699154,0.12258357204658549,0.11696226678178828,0.12243956937895048,-0.5281428915984745,-0.40583009823389893,-0.4359874893406685,-0.26427664047108673,0.2491434898195389,0.1689160703622236,0,,,
SSEN-461800316001,-0.6952349380209633,-0.6586385923019114,-0.2196273885080045,-0.3370994970627237,-0.29146355478611835,-0.3370607026098469,-0.6361052496542565,-0.6440412453458514,-0.7301872622036427,-0.5930177161014044,0.21887965720312455,0.16144115646852542,0,,,
SSEN-461800316002,-1.5088978179107138,-1.2157814078636953,-1.0462587583811227,-1.3304265788775753,-1.214797984074202,-1.3298862085787968,-0.5409740771109132,-1.008656057758648,-1.3772217570596892,-0.690590986599442,0.5826672489872878,0.13901641478743076,0,,,
SSEN-461800510001,-0.9077510501741726,-0.8165625402707016,-0.34926613329875783,-0.5256069150685792,-0.4301060080192046,-0.5251914200433349,-0.5085932861187245,-0.7096063599678146,-0.8893664875913947,-0.5326117050544598,0.2712491034900373,0.18417477888902944,0,,,
SSEN-461800510003,-0.5036755376202701,-0.5685849630463206,-0.13709714679996246,-0.3284101792377394,-0.21734870993993088,-0.3281465516060959,-0.49377479585839806,-0.6521290619236667,-0.565378709540862,-0.515812071890065,0.016646890491524936,0.16910178250865043,0,,,
SSEN-461800512001,-0.3986746113560895,-0.4933985930175202,-0.26320400492898505,-0.4308602229823718,-0.3602271340000407,-0.430479221749784,-0.6403604029467306,-0.6644599217151885,-0.504421657248347,-0.4926625350176057,-0.4761121227002722,0.16910178250865043,0,,,
SSEN-461800512002,-0.8769218051590856,-0.7482803178596185,-0.4920181588574096,-0.6266703348566687,-0.5055106980552405,-0.6263458988776184,-0.03571719543355175,-0.5297355459496789,-0.7661837018966805,-0.4638669142894973,-0.06893981217533059,0.16910178250865043,0,,,
SSEN-461800512003,-0.48236653180321437,-0.4558955437923233,-0.15202758678640207,-0.20271804223771428,0.003447963647831915,-0.20315524838199245,0.425708119063715,-0.367146518544521,-0.3085812234068875,-0.19125140662525297,-0.3528451067237782,0.15418290674565818,0,,,
SSEN-461800524001,-0.5045931774753654,-0.49419043329771983,0.6680843886508728,0.793271045727184,0.9898529385627846,0.7927474472156345,0.06711942265290971,-0.4639472931131696,-0.41074882456130624,-0.3716402173599834,-1.040520427356904,0.17656122039014735,0,,,
SSEN-461800524002,-0.45855954957557604,-0.39235072554362166,0.09116689208057024,0.19714250623436697,0.28742179778553567,0.1976197534104998,0.22358858280888425,-0.19090920544623824,-0.33638680922593606,-0.10300457063347102,-0.35001691429609194,0.18402065827164266,0,,,
SSEN-461800524003,-0.04785711318708908,-0.07067324688099581,0.2130968701010184,0.3925549168531774,0.2799402935901769,0.39279220780420004,-0.2616075274694698,-0.11587104436279287,-0.10625175176873898,-0.06796342576852607,0.21530525477236734,0.1618427014297565,0,,,
SSEN-461800524004,-0.35931085737346546,-0.33913966462085776,-0.12050717239504195,-0.09655132190528741,-0.08299569079050895,-0.09585323617668738,-0.20354159002638147,-0.26566307693391894,-0.3503186320695278,-0.2021912982971625,0.17294770194400116,0.18402065827164266,0,,,
SSEN-461800528003,-0.6691012651416668,-0.23326661604245832,-0.780476641253796,-0.7282080357708279,-0.7590194384151053,-0.7280804596325177,0.9537592616568662,1.0250410280894182,-0.37424241580202694,1.3564984804763698,1.3832567463217014,0.1539662425748272,0,,,
SSEN-461800528004,-0.36021908796842306,-0.6149168322383579,0.2843628665853375,-0.01306698993745065,0.13499058988198098,-0.012750076981506455,-1.0357674966098274,-1.1616896835699813,-0.574420134599254,-0.8065909870427967,0.45155231763401565,0.16910178250865043,0,,,
SSEN-461800530001,1.0888300057636286,0.2895215915637467,0.2862683519956101,0.09359136194673558,0.28229992420664846,0.09333191616597597,-0.46905450294648576,-0.7970706654701818,0.7076321891970677,-0.471482074176685,0.1556171409635061,0.15418290674565818,0,,,
SSEN-461800530002,0.5391023903952208,1.2897658037952058,-0.4489800646658455,0.07368800083993789,-0.12606833248475716,0.07030548081842547,2.4088777117858116,2.483741074233428,1.2264353731049429,1.7708707259101308,0.17963239045363177,0.13180459310117065,1,gradual_drift,0.1,SSEN-461800530002-gradual_drift-0.1
SSEN-461800614001,-0.5921830832124838,-0.16267936802758667,-0.8322361800298894,-0.8059842085830623,-0.8143254498743274,-0.8056186599140677,1.1454610379587669,1.0693053621908741,-0.2614872222630907,0.6027244926811997,0.05139909583525305,0.146491328681129,0,,,
SSEN-461800614002,-0.18319661411375684,0.11887362582921454,-0.5146992120191014,-0.34945210578709424,-0.42145829728783063,-0.34911301533793093,0.6856162753787015,0.7643689208372659,0.04826344624712981,0.4398457117872889,-1.4177225695293112,0.13154150089373257,0,,,
SSEN-461800614003,-0.246561045182488,-0.1934729748472534,0.7757634441752959,1.0285124597114554,0.8588636832009151,1.028844045658697,-0.28802075860882276,-0.02991381856161514,-0.27935532192352713,-0.17576672273738403,-0.8624613505775935,0.16144115646852542,0,,,
SSEN-461800614004,-0.1815592051133957,-0.032836380926393245,0.48367824453125335,0.8674084055298891,0.6304467274722876,0.8680159177931127,-0.14864050619977676,0.21017536918452412,-0.16545506192537593,0.017531859591949053,-0.7379916721277819,0.18386589814962004,1,gradual_drift,0.1,SSEN-461800614004-gradual_drift-0.1
SSEN-461800614005,-0.3368156131423985,0.18888164817064715,-0.33105965530614745,0.1380700821032926,-0.06933463035386839,0.13848663469406053,1.1806782573444703,1.4142269675287624,0.030923570966198417,0.8466284961596939,-0.2475337542220386,0.1539662425748272,0,,,
SSEN-461800614006,-0.1991455943412856,-0.34467605581140104,0.08946714596636908,0.029435998001780577,0.09008873175923338,0.02937665811070458,-0.5027938540453522,-0.6177746748209165,-0.2978072538316531,-0.5205137498187411,-0.45419361949924175,0.1539662425748272,0,,,
SSEN-461800614007,0.07350726912424156,0.39143028610421765,-0.4548358579979788,-0.21338374322384415,-0.3313584740305562,-0.2131429500637096,0.6732768644435776,0.9011480713607063,0.3089773293667481,0.35400426850333605,-0.4887632163815678,0.146491328681129,0,,,
SSEN-461800614008,-0.2667327043953292,-0.024191736916295385,-0.6038726486648401,-0.5459625323023914,-0.548711218809605,-0.5456522929168978,0.7811611114464454,0.5930987340640249,-0.0385852652421799,0.1379198738101946,-0.59465567832034,0.13154150089373257,0,,,
SSEN-461800702001,0.1613581889776206,0.6423190018046998,-0.9466456902240151,-0.9549594832565421,-1.0250925005343965,-0.9550158240597172,0.5361099957803437,1.4806593975476625,0.3178207822515708,1.2806475239933375,-1.0150465883125208,0.1163949648459759,0,,,
SSEN-461800702004,0.7806418070785034,1.584311514384374,-0.8687090209355366,-0.715409427303171,-0.8767952975237632,-0.7148901072748469,0.9375825397038938,2.0572154620318455,1.1298564034111223,0.8195386388135787,0.23285740057623222,0.006883439059523751,0,,,
SSEN-461800702005,0.3474320869874421,0.6242247102275773,-0.9980057791264941,-1.0907871505864102,-1.0415285166297277,-1.0902405054896218,1.3742775761614128,0.9117358010732634,0.7865263491655232,0.5120600676973182,-0.7981900457822507,-0.029617642654402206,0,,,
SSEN-461800702006,-0.03707326149068648,0.079026216938311,-0.758090451009334,-0.8128289359709431,-0.7694771403211823,-0.8125060020638052,0.54318052885166,0.2985354471684172,0.14235274171294635,0.2359618427046933,0.33897424056051434,0.16094583084906353,1,gradual_drift,0.1,SSEN-461800702006-gradual_drift-0.1
SSEN-461800704001,-0.3694428368641327,-0.4148828847786208,0.059077806553828195,0.03241469755711153,0.07128457277387835,0.03252692244412981,-0.3776564904334829,-0.42731472445295593,-0.417687875349883,-0.32144048713550494,-0.49305247346899544,0.16910178250865043,0,,,
SSEN-461800704002,1.6598914249599408,-0.05561396881608469,-0.877041222979529,0.023784415315481023,-1.2586308728280686,0.023840022573435638,-3.365176852950853,-0.04318877407684399,-0.26712309257104866,-1.8077881130087514,-0.02465563203263571,-10.550110453201054,0,,,
SSEN-461800704004,-0.44703189802133,-0.5934796414981068,0.3686524848021999,0.18685056792505755,0.3149498901223816,0.18746416372522884,-0.7964504659312863,-0.9465079914461477,-0.5735593378188123,-0.5553083525314285,-0.010368213824115347,0.18402065827164266,0,,,
SSEN-461800704005,-0.03189230091537692,0.9368767480185702,-0.9537598893506076,-0.8215281957021113,-0.8990782641290327,-0.8215036069105907,2.6378894968683455,2.8400415081262826,0.7079063686895367,2.8980268785692807,-0.18612868261870164,0.08379036319306078,0,,,
SSEN-461800710001,-1.0203630462180298,-0.8664611727263852,0.18174617655280922,0.1295926178523298,0.14805758067975366,0.12934525085150517,-0.6803253332053814,-0.670782201125947,-0.9957898275538317,-0.6117074365121845,-0.7359084616429168,0.18417477888902944,0,,,
SSEN-461800710002,-0.42203147711047423,-0.27998037667648984,-0.8664516528410229,-0.9923116266399736,-0.9353795776568952,-0.9919840653770992,0.26781632594425797,0.062388710500125774,-0.28396325778576037,-0.1480597556317661,-0.06006973453238016,0.13926403098266596,0,,,
SSEN-461800710003,-0.352012786396783,-0.4644171153583245,1.0938345524465487,1.141645097801819,1.0592802981177962,1.1414161009017327,-0.916479293548222,-0.7272394930662919,-0.52320979747029,-0.6453941418194722,-1.1586182569604282,0.18402065827164266,0,,,
SSEN-461800710004,0.007906493607846166,0.12907613439620388,-0.3788136452837163,-0.2566619229008384,-0.30191663896845167,-0.2567172720673978,0.3187122140776519,0.3451391652068053,0.12515519288640325,0.018754233402027618,-0.7368582920919498,0.15418290674565818,1,gradual_drift,0.1,SSEN-461800710004-gradual_drift-0.1
SSEN-461800802001,0.35511625557189047,0.2895410953451233,-0.22973690375120379,-0.12197145883972552,-0.13638473936392811,-0.12207974847396165,0.17544856968093925,0.07954592287347165,0.39342654796191623,-0.11458239978381882,-0.27115416448793667,0.14672346886416288,0,,,
SSEN-461800802002,0.06869364147102142,0.618847557014277,-0.6338023280506941,-0.3917178059803108,-0.4647750185731381,-0.3911282576334755,1.6962608686166283,1.5062846224203585,0.618688510887338,0.7505626519067181,-0.672362341125766,0.15418290674565818,0,,,
SSEN-461800802003,0.5182371837474345,0.3876680202708408,-0.6537166751561561,-0.7136009336945155,-0.6583942719614126,-0.7130477783760186,0.3602439048877781,0.016984648319495952,0.5947893796501645,0.008004632386037738,0.023031692062115847,0.15418290674565818,0,,,
SSEN-461800802004,-0.3620080797850321,-0.21017581611010624,-0.14601235513235247,0.023234761509544358,-0.10782477956478706,0.023789827722301333,-0.21414772990141814,0.12456557701630011,-0.3470543137470214,-0.13555872808056954,-0.5630024795354812,0.15418290674565818,0,,,
SSEN-461800802005,0.022314425329606632,-0.02562294195608626,-0.11003772188306564,-0.030892269023180114,-0.08180557135434022,-0.031047036648943423,-0.24442653993344943,-0.11499994378167765,-0.037532212100638715,-0.2133952087522083,-0.5798064054900097,0.15418290674565818,0,,,
SSEN-461800804001,0.24249170748335244,0.6951845835133991,-0.6991891949623745,-0.5372831991835334,-0.6455144433489491,-0.5369119667985621,0.9280028609942823,1.3130234917334263,0.5425936273201181,1.12201892986505,-0.6427235072106685,0.13180459310117065,0,,,
SSEN-461800804002,-0.13197175189297708,-0.3535715209549022,0.3853238251427595,0.2903848873703905,0.34505180708229954,0.2908016582124844,-0.7270041946151187,-0.7683184671879135,-0.31108467810998275,-0.6642644628656647,-0.5887366221774446,0.1543986756099994,0,,,
SSEN-461800804003,0.12138485051839644,0.6658051668433151,-0.844206104600201,-0.7534386125930455,-0.7830076781630291,-0.7530643831221877,1.6913157991390007,1.5434089127573423,0.6514194286289119,1.580942836663461,-0.13145477762539426,0.13180459310117065,0,,,
SSEN-461800804004,0.3142639951904755,0.6256376951884052,-0.7636464392646797,-0.6984804393561214,-0.7328709859556264,-0.6981336429310463,0.9371776419668034,0.9535363101778297,0.6206600928238356,0.871604753419024,-0.13283959790489677,0.15418290674565818,0,,,
SSEN-462600102002,-0.19941644994700247,-0.12090539959429596,-0.4784037804051181,-0.4652319585192514,-0.49660401859508835,-0.46490098707715727,-0.05604619716686496,0.08458322403130399,-0.18217751997319007,0.03358486626052586,-0.022248912618441335,0.16910178250865043,0,,,
SSEN-462600102004,-0.14370430958499822,-0.5827975416699283,-0.5993032040871078,-0.9543576846875795,-0.793074393524803,-0.9537531448794023,-1.0835741045943978,-1.4312980907434785,-0.4392787397960918,-0.9878625373852905,5.693221033917004,0.15418290674565818,0,,,
SSEN-462600128001,-1.1713455965181931,-1.0067991158291751,-0.25459023597111197,-0.479846470826164,-0.30774934260695513,-0.47966292033865626,-0.4232698253370169,-0.9489094940876569,-1.0852242608628073,-0.7916192274860675,-0.11066080544355561,0.16910178250865043,0,,,
SSEN-462600128003,2.1095531806843795,0.1162827937398346,-0.14939704946105595,-0.748900192062488,-0.4324082273372003,-0.7488711952127226,-1.4592175380510393,-1.9758295839400013,0.9492365479272118,-0.5899166477903878,0.7208156260902954,0.06345749351196386,0,,,
SSEN-462600130003,0.6165164199387773,-0.009801030982674371,0.6316225542181678,0.401097321809822,0.9213940943846763,0.3995507804657137,0.35733680242635585,-0.8716381382380409,0.6224170520489243,-0.6066065061156931,2.575097001392765,0.16910178250865043,0,,,
SSEN-462600130004,2.227825250161695,1.717973057271038,0.2944461557544862,0.5914458333291198,0.6503741432834522,0.5913216798566018,0.6258661150194906,0.2193162208285684,2.275033325005362,0.2098197256284357,1.7499722855249291,0.08996825638707864,0,,,
SSEN-462600136001,4.747594367442235,4.920977065772885,0.589768395261204,1.7558239834818963,1.1655528343127721,1.7550175079529426,0.8412075169358453,1.41257470780799,5.038102037628609,0.403255355257807,4.0108802972266835,-0.35902641950126324,0,,,
SSEN-462600136002,-1.3526270781712832,-0.8413695434707984,-1.0837822160313673,-1.2229705199948826,-1.1865476733054796,-1.2230570295848946,1.2959282435970314,0.8859502029832198,-1.0644043038682671,0.1579555475812527,-0.25526484038812597,-0.5070030184754397,0,,,
SSEN-462600136004,-0.08189646968914897,-0.3071618609135964,-1.03611010184894,-1.2850913808412363,-1.178573410898128,-1.2848639547969092,0.0002986601940485378,-0.7019077856421864,-0.09198351667331874,-0.6734398069670168,0.45472172944612343,-0.2238478717671309,0,,,
SSEN-462600148001,0.6800721277666119,0.5017136529040885,1.147583406092732,1.7115393385265754,1.2152796035873732,1.712024266408082,-0.618333508226022,0.02297131854113952,0.3665293617776805,-0.14038352668241946,-0.23075965323579697,0.18402065827164266,0,,,
SSEN-462600148002,1.215707937068107,0.22521772116717725,0.6222891958858718,0.27945358013279936,0.5448968791357193,0.27880834774545243,-0.6067391746325741,-0.9932343471836823,0.7142910494926219,-0.5664224165616083,1.846944273029301,0.14695464979024228,0,,,
SSEN-462600148004,-0.6565035156210286,-0.6553242473589709,-0.0608762892257184,-0.18909598449291895,-0.16094979803356196,-0.18892727295760556,-0.733867377493807,-0.6765525055847916,-0.7348868187923135,-0.4870089392694941,1.9050603029212958,0.16910178250865043,1,gradual_drift,0.1,SSEN-462600148004-gradual_drift-0.1
SSEN-462600148005,0.6069893159557743,0.11790445307461017,1.288807316108355,1.3252679940616412,1.2260907971086072,1.3249961198266784,-0.9042940984917187,-0.717339083443818,0.1939154340968384,-0.4957367107520839,-0.05709919106473461,0.1616423446271551,0,,,
SSEN-462600150001,-0.1278488376998589,-0.4353723496008131,0.2704878347470024,0.0149405360778047,0.29371735285009737,0.014440644921460287,-0.33513757775688935,-0.8577522630898484,-0.2226347084172707,-0.5750802764360682,0.26780812958165684,0.17673075306927075,0,,,
SSEN-462600150002,-0.12453786003349811,-0.19070454699280331,0.34295391773146083,0.4521532816689541,0.7201158409260975,0.4516902703053902,0.7123156724855895,-0.19553829661949382,0.08657359096685333,-0.054031059382635194,-0.10153731405093418,0.1616423446271551,0,,,
SSEN-462600150003,0.9600821027411996,0.6499806974774072,-0.30704118010648723,-0.28756725664125377,-0.2756196327374007,-0.28770753056312726,0.2069864227637557,0.1067834947419792,0.861243974578053,0.30333679838803435,0.3200458386204382,0.10786572759862932,1,gradual_drift,0.1,SSEN-462600150003-gradual_drift-0.1
SSEN-462600150004,-0.9780973388450317,-0.6706380132274209,-0.7105370039885454,-0.7673338788050736,-0.7188133662275081,-0.7670998478639423,0.5453446122667731,0.25876398672322937,-0.7688399384925038,-0.057917731640864334,-0.3838551431050091,0.16910178250865043,0,,,
SSEN-462600208004,-0.06133324002677094,-0.2640322466447352,-0.778214407884396,-0.9839347643729076,-0.868693086508728,-0.9838164953415688,-0.19709721521004553,-0.6829295608318265,-0.0897241376163727,-0.6192835904416533,1.4074696168656768,0.04002853832904225,0,,,
SSEN-462600309002,0.14577429599151082,1.5621905023851386,-0.8345164267288148,-0.4259721133288735,-0.6206642271004551,-0.429156308162613,4.259668345047041,4.304227201754284,1.2766701153502142,3.9714733501682375,1.1707826525869192,-0.4135110599233308,0,,,
SSEN-462600309003,0.3917679567073748,0.8289312723142035,-0.9377172921809338,-0.9467084271189137,-0.9993467798108903,-0.9470421104230071,0.89400139242264,1.2059324393730357,0.6183478037863972,1.1926033879354039,1.9606182044343199,-0.048691864107851264,0,,,
SSEN-462600309004,-0.35551051304307935,-0.5870837280913584,1.1207898797231408,0.8736267577744248,1.0052537739911185,0.874074434093656,-1.1086496642225545,-1.141483673242481,-0.5728271751224505,-0.7332631123060106,0.38654489657807783,0.029858942054058434,0,,,
SSEN-462600309005,-0.6030601905009377,-0.4926331969304547,0.2812017815988871,0.4366551319838436,0.3627511110673443,0.43715644041464924,-0.3050147512182461,-0.1878947075710719,-0.5883660579273401,-0.23179385565164412,-0.2337642499482946,0.15825546893165637,0,,,
SSEN-462600310001,0.03802378205640428,-0.18073787906536315,0.2503135263253766,0.22136294272573742,0.2666082693813685,0.2189201089285909,-0.4640715017093191,-0.5908915067190009,-0.10213744164625527,-0.4475024474929603,-0.3042999916439258,-0.5544636919964574,1,gradual_drift,0.1,SSEN-462600310001-gradual_drift-0.1
SSEN-462600310002,-0.2689909521650972,0.20913500093920157,0.4750957699344822,1.4446003800870626,1.4899762865053476,1.4425690215903868,2.810883085778736,1.4515002465285065,0.4227986823060718,2.1874623142199243,0.4222381522787167,0.13180459310117065,0,,,
SSEN-462600310003,-0.4350368607067038,-0.5127949268774931,0.22733844767765976,0.14926379334190842,0.17646391074917347,0.149309956323967,-0.7128180174462027,-0.6901504789095257,-0.5451618499828401,-0.6191744185320041,-0.05362174343913207,0.1616423446271551,0,,,
SSEN-462600434001,1.3832633270302286,1.2592823607091193,-0.5921407254017316,-0.5389301878075634,-0.5351414835675427,-0.5395456963387717,0.6933725481719929,0.5329884778495045,1.5436091126165563,0.4555565602523969,0.08167919625109345,0.10880595198213097,0,,,
SSEN-462600434002,-0.5474910775696574,-0.005937989684842542,-0.8465023632806323,-0.7642474830533174,-0.8477783595241631,-0.7641696875052622,0.9465932817299354,1.394174916024851,-0.2513328647761481,0.9308838004627358,1.5084226187418495,0.10911675921263791,0,,,
SSEN-462600434003,0.309192252538108,0.19831757763403962,-0.5744987367105722,-0.6285654832517289,-0.631369918258683,-0.6282688708564361,-0.22710496518089338,-0.13482402786370848,0.21961046480064744,-0.03926242185495477,-0.4827474683667569,0.13926403098266596,0,,,
SSEN-462600434004,-0.07379187551575063,-0.11892503002443837,-0.4007406407635994,-0.43373938626114567,-0.4371894453756449,-0.4332158754540836,-0.2173831127217265,-0.16603790964704437,-0.12320944197475067,-0.11105253183913488,-0.640171384452838,0.1616423446271551,0,,,
SSEN-462600434005,0.04629801131658395,-0.2566727943610979,0.41666746478742556,0.2989728736872338,0.3685055877131855,0.29919964540932914,-0.7467088696942465,-0.8048877931194905,-0.1694367177493787,-0.45549697069334977,-0.902480240911957,0.17656122039014735,0,,,
SSEN-462600602001,0.26155725272801605,-0.18105403431990888,1.2780053606619195,1.147842696683825,1.2646283823788467,1.1483728099636232,-0.6768362814608825,-0.8328436853063061,-0.03612841004845356,-0.5926402029882126,-0.4332696943538327,0.16910178250865043,0,,,
SSEN-462600602002,-0.6308034467683552,-0.6006929275232876,0.10728947601095422,0.04101690932882388,0.061539614213258625,0.041415836414126155,-0.6534124204232397,-0.5721002308235054,-0.6907453498055055,-0.6001578748089013,0.1643725874577023,0.17656122039014735,0,,,
SSEN-462600602003,-0.7439551853869281,-0.6379010480463481,-0.04352699341684572,-0.05449185020598626,0.010517015387213089,-0.054159473963566726,-0.18420270511598827,-0.4218708473509537,-0.6804989550790903,-0.36859454227233995,0.34985493383675276,0.17656122039014735,0,,,
SSEN-462600602004,-0.9591074143229255,-0.6034467898083676,-0.9825153504164806,-1.1116159382294613,-1.0528885042119165,-1.1112675250450994,0.9312552375195616,0.5759067970953001,-0.6967413500654421,0.00797588058046387,-0.5733655699219137,0.08669201753154328,0,,,
SSEN-462600602005,-0.7512101903126132,-0.661401933718961,-0.2457413097714923,-0.32898478736177017,-0.3266262193843297,-0.3284774488894951,-0.5960296526963366,-0.48400603621583915,-0.7794569015596055,-0.18110395830773635,-0.027815564904671762,0.13926403098266596,0,,,
SSEN-462600615001,-0.5837183179410408,-0.4056760587233176,-0.5246131683178618,-0.5248233267128761,-0.5042151080615574,-0.5248890911974151,0.5551946630980801,0.2316436302994906,-0.4533284019389185,0.0068304760430424475,1.0411893318854677,-0.4127343722480352,0,,,
SSEN-462600615002,-0.7091544309371965,-0.3590501672982047,-0.8935079440286753,-0.9585252042008451,-0.9453003616026836,-0.9579478142770622,0.6592039834531027,0.6666503663326495,-0.48469302306610274,0.30647886816922626,-0.8838400717032986,0.13926403098266596,0,,,
SSEN-462600615003,-0.08310608753191621,0.3085802556496416,-0.12505973622378627,0.36233803216340593,0.04923578301937663,0.36280890985611197,0.39304763887948796,1.0351384118526992,0.07278541244554737,0.49254774992562167,0.05063884356735391,0.16910178250865043,0,,,
SSEN-462600615004,-0.11325624418741184,-0.2558358341242297,-0.06345802135351628,-0.13236998807109532,-0.14621832324248027,-0.1319904575661746,-0.6452606370940017,-0.47227174039274356,-0.28285995594850427,-0.4024713897082305,1.7773748505792275,0.16910178250865043,0,,,
SSEN-462600615005,-0.6322105723468869,-0.6591598038092896,2.1842900042992213,2.2764344894362716,2.107820403926986,2.276812979872344,-1.0781799268557,-0.792498087078058,-0.7753960902218519,-0.6557944258752949,1.882923821845211,0.18417477888902944,0,,,
SSEN-464000704001,-0.7527309737679011,-0.3215763431858085,-1.0006127209400286,-1.0927025517446474,-1.0741406499801256,-1.0923628660820632,0.83859249617105,0.8348765479202053,-0.4778570945128088,0.27277548631855536,-0.5155963536179017,0.07385049879108738,0,,,
SSEN-464000704002,-0.3367938404876835,-0.4158965948099269,1.0744640084419077,1.1669679548698833,1.1403521384066022,1.1671381430241141,-0.5837267500641843,-0.5628409802888859,-0.4339236651533267,-0.390207835266599,-0.6993411990838573,0.17656122039014735,0,,,
SSEN-464000704003,0.18612556184042636,0.16103844861144534,-0.9545036682377921,-1.1112750177781747,-1.0398791693431717,-1.1114206479339173,0.7828398806988621,0.5078974155541048,0.3178829914861075,0.27668011988915125,0.08467470485998956,-0.05274742559658108,0,,,
SSEN-464000704004,-0.027061295574181566,-0.31887248906427934,0.10215363321960663,-0.07272218026043145,-0.002406680503622057,-0.07235528573200017,-0.8016507811051727,-0.7997015030593079,-0.26108625961768694,-0.6142097761675038,-0.9095473793118055,0.16910178250865043,0,,,
SSEN-464000704005,0.21991701988234796,-0.358327477212345,1.4736525032112804,1.0354913552840184,1.303092654999965,1.0353761991264365,-1.1452067618220616,-1.3317749467191813,-0.1735296971704594,-0.713202488393264,0.06068363677746517,0.18402065827164266,0,,,
SSEN-490400102001,-0.5220743100181481,-0.36291640196295644,-0.11775151926484213,0.015843919454747057,-0.05464542753505776,0.016246060222540114,-0.0661739093606565,0.0464778773425284,-0.4579331315380166,-0.09394549482345077,-0.5700958555591829,0.16928672724951363,0,,,
SSEN-490400102002,-0.7055861189348666,-0.4327568538870007,-0.035281278044432936,0.23254239890843997,0.08162939621831619,0.23263347600922757,0.10935622660648713,0.32183651421117343,-0.5840264880637471,0.05240635499916582,-0.8827054160103533,0.1618427014297565,0,,,
SSEN-490400102003,-0.36263833849772753,-0.5499740910760649,1.8737595533764548,1.771444247663736,1.7930188186257823,1.7714903361951424,-1.0168924247834654,-0.9752362016964731,-0.5622093436238295,-0.6751074864370855,-0.1823830928270157,0.1618427014297565,0,,,
SSEN-490400102004,0.1138555387132032,-0.08297075305067964,0.21871731879275233,0.21552226658054482,0.1712511470481692,0.21591805884373277,-0.6696881438630077,-0.4711104977325712,-0.08935152494890841,-0.3778762216674882,-0.05867307412408751,0.1543986756099994,0,,,
SSEN-490400102005,-0.5005452596225128,0.6301700389268131,-1.1157586833324653,-1.094079736056904,-1.1234911616038994,-1.0943430949874366,4.2280201207010855,3.8369401610423304,0.4882806401505712,3.094842111530735,1.3049455487000385,-1.211959859551174,0,,,
SSEN-490400102006,-0.6327559915477654,-0.38655831932471363,-0.6678861095590665,-0.6786822497601259,-0.6282620146050675,-0.6784119108054613,0.7438162650191689,0.31218750052628474,-0.38741201016872673,0.21243299166195886,-0.998187681643094,0.06264093475223793,1,gradual_drift,0.1,SSEN-490400102006-gradual_drift-0.1
SSEN-490400620001,-1.3531442330975418,-0.8125826486770102,-0.9756686222570368,-1.0236861885502921,-1.0111399649613781,-1.023137573588561,1.3465080639401767,1.2274236041785858,-1.029318792630501,0.5821073526818827,0.28271520857705074,0.15418290674565818,0,,,
SSEN-490400620002,2.008490742463922,0.7743519628287558,-0.09886112611615366,-0.349754932857339,-0.24276369734243952,-0.35000801667952997,-0.9549321153650375,-0.9669275450087337,1.2386560208780115,-0.60947620286038,4.085118331756936,0.10911675921263791,0,,,
SSEN-490400620003,0.6449896879815901,-0.15785457761913382,3.1966251598053694,2.6063962706295287,2.9580025885202827,2.606262827947003,-1.2887407541065858,-1.3923832268987395,0.09300331668349597,-0.694623817386888,2.0655899209857354,0.17673075306927075,0,,,
SSEN-490402010001,-0.19874924384506792,-0.17258829352166882,-0.42630600167828975,-0.44040526732917873,-0.4273938080097422,-0.4399343904615189,0.05482107128255602,-0.016915166357172617,-0.16808425180898115,0.036888988818872794,0.11016654838372696,0.12434515521967535,0,,,
SSEN-490402010002,0.3571184456446222,-0.19658408450039588,1.1266660167014353,0.8765310806123124,0.9976363691657865,0.8770983595257279,-1.1159304423043455,-1.1442589939449381,-0.048356242426722214,-0.7816615841508959,-0.18526672963577334,0.18402065827164266,0,,,
SSEN-490402010003,-0.5649718482818169,-0.2742156764698547,-0.296744199415535,-0.08283236176996314,-0.23737178315664398,-0.0824730979307398,0.10125156656238488,0.5410641805361207,-0.4614474077493351,0.24586840602875318,-1.0413711077822492,0.16910178250865043,0,,,
SSEN-490402010004,-0.11632210862119198,-0.24008031777313393,0.6064534138795881,0.7216852656138584,0.6631362060013642,0.7222559160161087,-0.5879551745283087,-0.5000368769169364,-0.24448830413468245,-0.565706601808366,-0.681294390158785,0.17656122039014735,0,,,
SSEN-490402010005,0.25435462594597447,0.2049976449738774,-0.34693858429984903,-0.30121836611306985,-0.35127271802226173,-0.30143609076591577,-0.10585739099622939,0.09587311030629314,0.18804488770658548,-0.14541973533985134,-0.36801346071053037,0.14672346886416288,0,,,
SSEN-490402400501,-0.029708086971066947,-0.38151113347874344,1.9051910411517134,1.7210546332130037,1.858010326917756,1.7204531297521597,-0.9226209937093468,-1.0488842170458526,-0.2810231462281946,-0.5994436851076624,-0.49907421185931033,0.1618427014297565,1,gradual_drift,0.1,SSEN-490402400501-gradual_drift-0.1
SSEN-490402400502,-0.33549624428789215,-0.5727869638201484,2.7790093736080177,2.61107418848016,2.6411057573610996,2.6114309302161467,-1.2006686703705505,-1.1139228641267307,-0.5845316728676517,-0.7064579964808576,-0.30509682845682334,0.16928672724951363,0,,,
SSEN-490402400503,0.5579739850107435,0.8012496953595971,-0.9481264463202904,-1.0002569192203543,-1.0174558638060383,-1.0007344121447455,0.593910397132057,0.8946265449913176,0.7481133722414679,0.7668580495145512,-0.5249093874168215,-0.19057874952275505,0,,,
SSEN-490402400505,-0.6468594423530646,-0.5537612990885372,-0.3606743624166896,-0.438568346744187,-0.42747897387239886,-0.43826737282306605,-0.46346516195522725,-0.3615274619463337,-0.6512459355721578,-0.3230808715914538,-0.4723499459709729,0.16928672724951363,0,,,
SSEN-490700102002,9.158939653264333,9.965323494342176,-0.008978155364974864,0.8913396674160725,0.36639535608935375,0.8917556602330243,1.0521263111471073,1.9067635043789337,9.771165822466902,1.2111752234248088,5.245813760703693,-0.29935751772175806,0,,,
SSEN-490700612001,-0.023601236740635998,-0.6920871306801941,1.2640666506357134,0.3733687461984645,0.9341227189021722,0.37330334304190127,-1.3601884160796556,-1.843098866976824,-0.44098393077386777,-1.0379444487134077,0.4473465165522064,0.16928672724951363,0,,,
SSEN-490700612002,-0.31911125182494704,0.1282737443023035,-1.0617283266394775,-1.1797183591029567,-1.106746634456264,-1.181722815736209,2.271249433962057,1.4729640853108874,0.23101535285499775,0.7930450474128775,-0.5006259559598025,-0.0640334850115361,0,,,
SSEN-490700612003,0.38300496526446626,-0.14978423408665217,0.3734006756550547,0.11048553465959124,0.24246112015531732,0.11070309572397623,-0.9661577972475149,-1.029831699456889,0.010493589461262972,-0.565224773615813,-0.8943288591257058,0.18402065827164266,0,,,
SSEN-490700612004,0.3751238403707253,0.41874304427412345,-0.5657634914580174,-0.5186045171171452,-0.5631698434074951,-0.5189097201425523,0.41667723059581174,0.45686510931976854,0.41282728238625366,0.34756141970651583,-0.18171880585364164,0.0701784002266365,0,,,
SSEN-490700612005,0.683642510411611,0.37820043072211884,0.5465675025918667,0.738569636210338,0.982693682836177,0.7378524354676427,0.7666574151159318,-0.03125076871424039,0.843850224798097,-0.007282859745004024,0.7739138964065879,0.16928672724951363,0,,,
SSEN-491001118001,0.20500057706996808,-0.29094874070042803,0.06363248214041002,-0.22330737470290127,-0.07837860871195591,-0.22308215920763247,-0.9824312662157242,-1.1334350356686527,-0.12955545419182993,-0.8283310149723097,-0.08501753371828384,0.09450740369369089,0,,,
SSEN-491001118002,-0.7858886076796002,-1.097582515122,-1.1265556722638477,-1.4943719293890876,-1.349651756343712,-1.5043985647853222,-1.813642032627757,-2.324133695544396,-1.0195448995265326,-1.416638029453266,-0.02465563203263571,-3.3442934596759497,0,,,
SSEN-491001118003,0.08090070115934758,-0.051742714009139525,-0.9724306163381676,-1.1727891059626763,-1.0939672759667491,-1.1728420546084835,0.2636557790758698,-0.2283359076533241,0.08568071425825592,-0.33924081484978946,0.914319515852441,-0.30877212775789475,0,,,
SSEN-491100302001,1.3339857368065735,1.551056315624379,-0.6925131041207073,-0.5717872007217869,-0.6519931465392362,-0.5728179301846684,1.0040710692081352,1.3184425606366246,1.5616383759317207,1.7104593339486203,-0.9523292893207341,0.07618929041508121,0,,,
SSEN-491100302003,-1.0504243067931869,-0.05561396881608469,-1.1084425546822525,0.023784415315481023,-1.4001149196981433,0.023840022573435638,-3.365176852950853,-0.04318877407684399,-1.4520127648755858,-1.8077881130087514,-0.02465563203263571,-10.550110453201054,0,,,
SSEN-491100602001,-0.036276182188533346,-0.3871059018631526,0.09021887050375972,-0.15848381799085393,0.0011053994320538625,-0.15824209576431114,-0.8064605047534079,-1.0270539186370224,-0.2600174750895606,-0.679864508520398,-0.6835485138650812,0.16910178250865043,1,gradual_drift,0.1,SSEN-491100602001-gradual_drift-0.1
SSEN-491100602002,0.5573424876792495,0.25284754414537164,-0.8776069624476648,-1.0617826739435532,-0.9842905432226304,-1.0615400358259532,-0.1086771546364793,-0.3320472935980959,0.4688397015396509,-0.19968090451800655,0.49473895412347285,0.07225770104715909,0,,,
SSEN-491100602003,-0.337536816593457,-0.30704615530243284,0.060064862790119126,0.1601302309960217,0.06520954348420822,0.1608799727075508,-0.4648257407795849,-0.24295450834165708,-0.39793820064073376,-0.2955634308074624,-0.4349937816178696,0.16910178250865043,0,,,
SSEN-491100602004,0.07301564773472141,0.07741839420860033,-0.29780134776657835,-0.21907584784500547,-0.26083299635125207,-0.2188252206352663,0.03404644367504355,0.08891645866817306,0.07867775921936825,-0.2569205914762779,-0.624504496986011,0.16910178250865043,0,,,
SSEN-491100604001,-0.32302922025247255,-0.36514001507746985,-0.44048311187944705,-0.5619690171164403,-0.49972804174462976,-0.5619596448030079,-0.35884890620102244,-0.42349204123298456,-0.36571920287441384,-0.3684039440551317,-0.20099809486929654,0.15418290674565818,0,,,
SSEN-491100604003,-0.44340289795158777,-0.14128465460263281,-0.5088962181709042,-0.37714517635471373,-0.46350674863075475,-0.3779701200835836,0.531745406246491,0.7121583083872652,-0.2713405158270505,0.7508064649435388,-0.6161861125510759,0.15418290674565818,0,,,
SSEN-491100604004,-0.037315598112559155,-0.27281715531498385,-0.004701149591441908,-0.14105564779343321,-0.06492040057474152,-0.14068344490100915,-0.5295491884805767,-0.6682387269299427,-0.19789705376707162,-0.4492825694124997,0.3559493302279526,0.16910178250865043,1,gradual_drift,0.1,SSEN-491100604004-gradual_drift-0.1
SSEN-491100610001,-0.05906269471701977,-0.2547984077307009,-0.015568075328451345,-0.11021330095116577,-0.07328709367499532,-0.10987075578568414,-0.5633775781655944,-0.5856398255181476,-0.21601998171102815,-0.5116009932526551,-0.8724593019777837,0.17656122039014735,0,,,
SSEN-491100610002,-1.2140073661361395,-0.9247557737719846,-0.2521947121066508,-0.2598151691820513,-0.26163697816279435,-0.25925314000505817,-0.29393160757568954,-0.24605265913608804,-1.102189371985116,-0.30531067146153723,-0.47303790799533296,0.18402065827164266,0,,,
