lv_feeder_unique_id,PC1,PC2,PC3,PC1_original,PC2_original,PC3_original,cluster_k2_pca,new_cluster_k2_pca,moved_cluster,distance_to_centroid,pca_shift_distance,delta_distance_to_centroid,is_anomalous,anomaly_type,anomaly_intensity,anomaly_id
SSEN-400600301501,-1.4137255901563512,-0.8757801621877559,0.9164215129791715,-1.4136458968401215,-0.8760455284008087,0.9169950832266875,0,0,False,1.1995067846279857,0.0006369875042081238,-0.0005405608219903879,0,,,
SSEN-400600301502,2.894427861900519,-0.11555853325807104,1.19878441469433,2.8915297254943217,-0.1133385357923062,1.191758276482088,1,1,False,1.5492918553265942,0.00791796700892694,0.007051920062413952,1,unmetered_load,0.1,SSEN-400600301502-unmetered_load-0.1
SSEN-400600301503,-1.9125214015101675,-0.6946146074582976,0.922005503648133,-1.9124485094367203,-0.6948758233343278,0.9225695801188714,0,0,False,1.421713836776311,0.0006258827790427318,-0.00039392004427152294,0,,,
SSEN-400600301504,2.4528442814358673,-0.900401591571371,0.5234749084075968,2.452982210927469,-0.900627563797123,0.5240485167104428,1,1,False,1.8839540956797085,0.0006317550764012027,-0.00034150975992974786,0,,,
SSEN-400600301505,-2.2676033948826126,-0.7847800675954681,1.448696273305035,-2.267532446182008,-0.7850647755674413,1.4492867837371115,0,0,False,2.050010944349621,0.0006593898071806144,-0.00044258766902949276,0,,,
SSEN-401100228001,0.6332803694861923,-0.1176338643064773,-0.11010002054204404,0.6333796831243423,-0.1179192079990277,-0.1094653552416415,0,0,False,1.5694389997953146,0.0007029112782819402,-2.7414967413319502e-05,0,,,
SSEN-401100228002,-0.5384912157326214,-0.3426148570775064,0.2784101968442411,-0.538405867207157,-0.34290124178775,0.2790292833414379,0,0,False,0.4887060481336661,0.0006874362981917924,-0.0004650262538495875,0,,,
SSEN-401100228004,1.6241032294617388,1.4188978632053784,-1.950476267596458,1.624216083679241,1.418782019038397,-1.9500339058185343,1,1,False,2.3206040410604643,0.00047099881953080425,0.0004602396153181587,0,,,
SSEN-401100228005,3.3228500259880915,0.6287790324308971,0.010378546006006751,3.32300151541286,0.6285496816864562,0.0109915520129951,1,1,False,0.7394352878876518,0.000671808882343831,-0.00017758383404908873,0,,,
SSEN-460000307001,-1.9220282614834248,-0.7017258298878721,1.4421265948541757,-1.9219544129676431,-0.7020461748667312,1.442770966124867,0,0,False,1.8169842914124426,0.000723387063235011,-0.0005470795561759445,0,,,
SSEN-460000307003,-1.6855308210829043,-0.3622630120338467,1.338689051125154,-1.6854505350522166,-0.3625460102140672,1.3392929661425863,0,0,False,1.564228399326681,0.0006717493319773831,-0.0004950713913982607,0,,,
SSEN-460000307004,-0.6721149161340843,-0.7244228646772229,0.8909882751155979,-0.6720264237424253,-0.7247195394910939,0.8916157184447614,0,0,False,1.0319794397336106,0.0006996656200491199,-0.0006947009169970819,0,,,
SSEN-460000307005,3.9481713471418214,0.5457515041673993,0.3204306911947406,3.9483358574219385,0.5455498205848226,0.3210154983729337,1,1,False,1.3775912789885718,0.0006401088465341902,-0.0003155836951187485,0,,,
SSEN-460000307006,-0.5964446817318468,0.46537104612897434,-0.2535356895315352,-0.5963609916577088,0.4651180154911721,-0.2529494568742457,0,0,False,0.8796096105753648,0.0006439699221614048,0.00034700721058389394,0,,,
SSEN-460000640001,4.603255430757279,2.579232088694586,-0.16375794934587048,4.60344388043417,2.579178803925636,-0.1633249016397585,1,1,False,2.578121889595492,0.0004752713573228927,-6.917167350373177e-05,0,,,
SSEN-460000640003,-0.012547897824837813,0.5827105124973195,-0.5302520058992366,-0.0124523936364267,0.5825202473364923,-0.5297389480522192,0,0,False,1.376358455387392,0.0005554729838748075,0.0002499124764276939,0,,,
SSEN-460000667001,2.0884243291662097,1.6214601229565984,-0.26665163401761566,2.0885511584383565,1.6211985499083328,-0.2660003132698575,1,1,False,0.9587418893052508,0.0007132494937344567,0.000495612580432292,0,,,
SSEN-460000667002,3.265132519281558,2.1739506644780975,-0.6640718264245842,3.2652813081345715,2.1737656674080483,-0.6634972998757362,1,1,False,1.5818804225616105,0.0006216452316546204,0.00035590322506307004,0,,,
SSEN-460000702003,-2.1886405078113134,0.12247064147388162,-0.9594613657326762,-2.1885867754198705,0.1221963570017213,-0.958878929052152,0,0,False,1.635817113810102,0.0006460275755557496,0.00044837701470634705,0,,,
SSEN-460000702004,-1.0882658130940595,1.0900846470386407,0.4853243210012752,-1.088178442045222,1.0898431686995975,0.4859035862553446,0,0,False,1.5087213455845014,0.0006336353233320099,3.920756144104587e-05,0,,,
SSEN-460001515001,0.14322777279178744,-1.01715782862431,-0.28266927906948225,0.1433169085398699,-1.017424232152543,-0.2820817530937522,0,0,False,1.298002170930056,0.0006512317510677839,-9.981980629714116e-05,0,,,
SSEN-460001515002,-1.1023515803050048,-1.554160976048386,-0.5297939907287746,-1.1022829927153297,-1.5543944555006763,-0.5292769788766499,0,0,False,1.3458935823849412,0.0005714176820300712,-1.1170849093966595e-05,0,,,
SSEN-460001515003,-1.1270133109355513,-0.18202206056037343,0.363245122719371,-1.126931424965986,-0.1822759188941937,0.3638180416130712,0,0,False,0.46084054063783986,0.0006319694806082907,-0.0003706784104371974,0,,,
SSEN-460001515004,-1.6841102378094526,-1.5684201007337712,-0.10123760711895287,-1.6840461194927343,-1.5686633070283516,-0.1007139305348064,0,0,False,1.4655035512677859,0.0005809454578921987,-0.00014675951814679955,0,,,
SSEN-460001515005,0.06506383840720467,-1.7712993439558715,-0.4378837084492915,0.0651478736982572,-1.7715620297266224,-0.437316001068605,0,0,False,1.8025707535657958,0.0006311556181981744,-0.00012762375879860066,0,,,
SSEN-460200307001,-2.2342535343227525,-0.2714313980606262,0.5115715043927864,-2.2341861287395424,-0.2716616025540284,0.512096275893857,0,0,False,1.4197414730816749,0.0005769945838275187,-0.00012831802473733944,0,,,
SSEN-460200307002,-0.20082607068238323,-0.2908165874795825,1.0869906596378984,-0.2007261661404071,-0.2911071880823513,1.0876254468076432,0,0,False,1.3251767043046763,0.000705254832461005,-0.0005807518774936238,0,,,
SSEN-460200307006,-1.3316950186302048,0.34555562202547646,0.6164575851820054,-1.3316134841760645,0.3452980777092416,0.6170415976692971,0,0,False,1.0115136843541659,0.0006434652495274684,-0.00016813961499995145,0,,,
SSEN-460200307007,-1.2417929581095004,-0.6588208737929419,-0.13778705472692057,-1.2417205417630035,-0.6590675876802048,-0.1372375034374073,0,0,False,0.4803302812353978,0.0006067276895066379,2.6753105890620077e-06,0,,,
SSEN-460200307008,2.482618378041524,-1.1291780375393092,0.24207549808210038,2.482750394516565,-1.1294242269820305,0.2426693254247511,1,1,False,2.061217376885603,0.0006562533841964438,-0.00028313736291307734,0,,,
SSEN-460200307009,-1.4206652718755601,-1.6458461670888016,-0.1634163493512988,-1.4206025520706125,-1.6461358990786268,-0.1628300493405244,0,0,False,1.4239352733797603,0.0006569825739658677,-0.0001910324973788402,0,,,
SSEN-460200307011,-3.042577695561499,-0.5574448662323145,0.7080229006191604,-3.042522305447718,-0.5576868426657203,0.7085475112489956,0,0,False,2.257465555072019,0.000580376577718802,-0.00014387873647869753,0,,,
SSEN-460200618001,-0.8168984204479309,-0.19374528351018733,-0.10132501637016629,-0.8168185585220327,-0.1940025471740355,-0.1007470762012301,0,0,False,0.18016402412700325,0.0006376341888690978,0.0003773659318759004,0,,,
SSEN-460200618002,0.6657543460888761,-0.32425390037137763,-0.03460728089056824,0.6658573629888588,-0.3245063156161267,-0.0340179798388779,0,0,False,1.5865632597131076,0.0006493086068943769,-0.00010036437314431268,0,,,
SSEN-460200618003,4.623647907367075,0.5807772876926344,1.3567845821791211,4.623834437924716,0.5805611418820468,1.3574055032114685,1,1,False,2.3827171398145928,0.0006834146536178618,-0.0005202661597563107,0,,,
SSEN-460200618004,0.534728060830408,-0.4839784648402275,-0.08144708717866278,0.5348284537683796,-0.484227490299621,-0.0808666807394928,0,0,False,1.4658212002086504,0.0006395029757950176,-0.00010544827092862086,0,,,
SSEN-460200618005,-0.25437408952009893,-0.5942886366985565,-0.0996390168492686,-0.2542866556086567,-0.5945421220678138,-0.0990654013167688,0,0,False,0.7245807494467519,0.0006331937305616766,-0.00011778977504894872,0,,,
SSEN-460200618006,4.2260120246778845,0.3332320622123438,1.2688634501830498,4.226188153442795,0.3329935063970137,1.269502458273942,1,1,False,2.0670279882841895,0.0007044583444622104,-0.0005721711065200807,0,,,
SSEN-460200618007,2.0932474391256712,-0.17817906926875074,0.12027872697116163,2.0933762630176327,-0.1784152953675938,0.1208704463834124,1,1,False,1.2288408180904928,0.0006500232516988221,-0.00017618798409579917,0,,,
SSEN-460500501301,1.9094909638976463,0.17144312432886086,0.8800533721866055,1.9096255379760885,0.1711890470014882,0.8806765004864655,1,1,False,1.323689916853654,0.0006862611375852536,-0.00044892078526981294,0,,,
SSEN-460500501302,0.600751648023908,0.3124076145969252,-1.1014792216268876,0.600846650552795,0.3121954077048285,-1.1009386523815805,0,0,False,1.9680060191570563,0.0005884491095414518,0.0002902814823722011,0,,,
SSEN-460500501303,3.3144126824029403,-0.07620306486944575,0.17905875637965654,3.314561175426868,-0.0764338775664235,0.1796608742949274,1,1,False,1.2035606255067997,0.0006617179634341576,-0.0003268362482575782,0,,,
SSEN-460501021001,-2.757545736559535,1.1542496173964933,1.4606666487901767,-2.7578597437125687,1.155220630636259,1.4559757548024668,0,0,False,2.7846160272045317,0.004800620127430372,0.001778347450065887,1,unmetered_load,0.1,SSEN-460501021001-unmetered_load-0.1
SSEN-460501021002,-3.074405355143575,0.7422451020054498,0.6343865588334541,-3.0745130652753003,0.7423766651547216,0.6318891758201246,0,0,False,2.490169319041205,0.0025031644472525484,0.0005110146382851788,1,unmetered_load,0.1,SSEN-460501021002-unmetered_load-0.1
SSEN-460501021003,0.18397906651514703,-0.05898643161783298,-0.24828191957108237,0.184073166549739,-0.0592397383470229,-0.2476940910930484,0,0,False,1.1568226862390956,0.0006469632409579554,8.041628609256612e-05,0,,,
SSEN-460501021004,-2.243035457647458,1.533948799823098,0.34303993469983096,-2.2429638535151297,1.533734291834436,0.3435750326746222,0,0,False,2.306528991739935,0.0005809222595080767,0.00012794606333965675,0,,,
SSEN-460501721001,3.1279603630039308,0.8893529602463337,-0.6308101582573342,3.128101802514117,0.8891498289536394,-0.6302359103999567,1,1,False,0.8533215794705218,0.0006253223639180054,0.0003861134632681118,0,,,
SSEN-460501721004,-4.111696329628385,8.98209658087959,0.03744122257689944,-4.111626568642089,8.982004905468195,0.0379176288945403,0,0,False,9.834115231006285,0.0004901366704824929,0.00010630350997331561,0,,,
SSEN-460501721005,-2.4501735484042397,4.891495185203422,0.1017619941612285,-2.4500990421220594,4.891281821923314,0.1023509426123334,0,0,False,5.432495864025825,0.0006308211739010816,0.00021185331535633622,0,,,
SSEN-460501724001,3.0520780402499854,0.4790111880437405,0.4441985647401637,3.052229759860825,0.4788039055676095,0.444778602519002,1,1,False,0.7048951625874877,0.0006343726744618863,-0.0005228648899786581,0,,,
SSEN-460501724002,4.148440248489135,0.6161886494452342,0.7224709392300772,4.148614023341176,0.6160022784939961,0.7230422723619161,1,1,False,1.6653001989404166,0.0006255824311825098,-0.0004137941846009685,0,,,
SSEN-460501724003,-0.19506514437567424,-0.41768524610462066,0.3625499442179578,-0.1949722138169043,-0.4179547308530352,0.3631507538401667,0,0,False,0.8286056104794034,0.0006650040003790794,-0.00039456196702580826,0,,,
SSEN-460501724004,2.0488970251119745,-0.43358736726922353,0.06637244006577024,2.0490220075084062,-0.4338376603511768,0.0669760623228016,1,1,False,1.4779066959653386,0.0006653022286713981,-0.000176250323228766,0,,,
SSEN-460600102001,-1.0133536276052009,-0.5035476539769347,-1.2723673835431353,-1.0132856389884084,-0.5037410361342519,-1.271887426616394,0,0,False,1.2640522745479403,0.0005218982298388959,0.00045038195690594307,0,,,
SSEN-460600102003,5.479805565360411,2.7009534166825864,-0.3282958762775214,5.4799955183541575,2.700791668288057,-0.3277134080509419,1,1,False,3.372125573406542,0.0006336512589278329,-5.0245112284130755e-06,0,,,
SSEN-460600102004,1.4613564794674772,1.6407194472309385,-1.979439514134712,1.4614682673729054,1.640615018673967,-1.9790101278258947,1,1,False,2.4765493330296127,0.00045582284004974443,0.00043963513794453846,0,,,
SSEN-460600103002,-2.652931457678017,1.7664549463684904,3.2345070167353516,-2.652843628889209,1.766209231340626,3.23508083690159,0,0,False,4.240059629729971,0.0006303644614380447,-0.0002844052098165406,0,,,
SSEN-460600103003,-2.341203027123092,-0.6992788017590953,0.6844996015879159,-2.341139606149987,-0.6995488547347477,0.6850688740359419,0,0,False,1.6325830455860983,0.0006332629387306222,-0.000255169433747815,0,,,
SSEN-460600103006,3.518172821361027,0.39389558582574485,0.09354248879927003,3.518326614466624,0.3936847170493353,0.0941289528535928,1,1,False,1.0185656003689352,0.0006419174769441016,-0.00025277404648926804,0,,,
SSEN-460600105004,1.0301878354243355,0.24701948297996862,-0.6058216494715022,1.0302931911673563,0.2467851340521686,-0.6052444691552633,1,1,False,1.8761194192633242,0.0006317882319275247,0.00021536213427508777,0,,,
SSEN-460600105005,0.07486582476121713,-0.47807785862140195,-0.734389996513656,0.0738130029100669,-0.4753241540311361,-0.7409144262924832,0,0,False,1.232618442535194,0.00715957448173824,-0.0025678794301189356,1,unmetered_load,0.1,SSEN-460600105005-unmetered_load-0.1
SSEN-460600208001,-2.7527668027632743,-0.9158598238869992,0.002877199961762715,-2.75271808043248,-0.9161595349159672,0.0034700928411227,0,0,False,1.9267480148283125,0.0006661250128909102,-5.515311411974366e-05,1,unmetered_load,0.1,SSEN-460600208001-unmetered_load-0.1
SSEN-460600208002,0.3729318439110565,0.30032928537437936,-2.1589431294761816,0.3730180082936162,0.300190056806123,-2.158506527637185,0,0,False,2.571201057633575,0.0004662939639924145,0.0003525258463512593,0,,,
SSEN-460600208003,-0.9908064735432317,0.7034882571051808,-0.7152533837598791,-0.9907169756774408,0.703417297941239,-0.7149076580308765,0,0,False,1.2361511644863268,0.0003641034888913258,0.0002567774360566766,0,,,
SSEN-460600434001,1.376868954906622,1.4759050166911634,-0.4216980879600463,1.3769885309124663,1.4757081652163389,-0.421143376500588,1,1,False,1.4710091047984306,0.0006006277778863358,0.00036392554470121574,0,,,
SSEN-460600434002,0.7978476916929493,0.9204983132325568,0.3636400126369059,0.7979619045582261,0.920253394212195,0.364245967526114,1,1,False,1.8703742919654742,0.0006634841617438624,1.8583110766856592e-05,0,,,
SSEN-461000302001,14.58192025160753,4.034275146871112,5.828761634722183,14.582329157208587,4.034140691375427,5.8294970616733,1,1,False,13.613387435297218,0.0008521354770956304,-0.0006387509979202122,0,,,
SSEN-461000302002,0.33888491178667923,0.038429695721306376,-0.5209452844414952,0.3389823593213715,0.0382197402233374,-0.5204115981976303,0,0,False,1.4002847488368526,0.0005817201561194969,0.0001548757543039514,0,,,
SSEN-461000307001,-4.095392431752356,0.7014342481919424,2.046695018865483,-4.095331027080952,0.7012285167561129,2.047185729277841,0,0,False,3.926022225494014,0.0005356236235969939,-0.00015583265396745816,0,,,
SSEN-461000307002,-2.1384188435229934,-0.7259355822200672,0.8968850255062828,-2.1383495069630096,-0.7261957485729562,0.8974442880363275,0,0,False,1.5804664287978045,0.0006207001427726201,-0.0003398161201149108,0,,,
SSEN-461000307003,3.921361609180017,0.5471011589535283,0.276218164271081,3.9215230305578967,0.5468793693538619,0.2768276468240425,1,1,False,1.3444837222952783,0.0006683685137116835,-0.0003070220160823478,0,,,
SSEN-461400507003,-3.1436221696519886,0.8240627429132169,0.2410383899803668,-3.14356309558517,0.823868791235109,0.2415221058626924,0,0,False,2.5139969407065372,0.0005244883732032507,8.919785567984562e-05,0,,,
SSEN-461800102001,2.082361904379048,-1.4222607437713735,0.08767626929578681,2.082483480598775,-1.4225259864401891,0.088283638933647,1,1,False,2.4076508211891587,0.0006738192098463849,-0.000233399897416664,0,,,
SSEN-461800102002,-1.1663291581811581,-0.9600856469241652,-0.42811645792425856,-1.166261212383763,-0.9603449896734132,-0.427556257911178,0,0,False,0.7954315621907042,0.0006210469769885445,9.572998874740613e-05,0,,,
SSEN-461800102003,-2.939347802208249,-0.7262166522750599,1.2751634891550925,-2.93928812773125,-0.7264964972124062,1.2757390204743786,0,0,False,2.435318277824041,0.0006427367514329876,-0.0003046203518302093,0,,,
SSEN-461800102004,-0.9617614165635905,0.0871188221943731,0.03112100111910671,-0.9616783657910588,0.0869009039170886,0.0316508543648227,0,0,False,0.4127632586632164,0.0005789043689492427,0.00015038550099044645,0,,,
SSEN-461800102005,0.7359881315471817,-1.3652918762470103,-0.7688145182467803,0.7360820796263126,-1.3655267086690115,-0.7682689887874029,0,0,False,2.095484536180889,0.0006013109836381442,2.056560324259493e-06,0,,,
SSEN-461800102006,-1.0691753152246435,-1.053125228113539,0.6464540127065379,-1.0690958646714408,-1.0534122081754649,0.6470561785124215,0,0,False,1.0054816177285242,0.0006717690109870984,-0.0005998748880338134,0,,,
SSEN-461800108001,0.8463988955596168,-1.3924447718700836,-0.049565516099124116,0.8464990669546153,-1.3927254632608888,-0.0489548037401916,0,0,False,2.0674186857569055,0.0006795524634647224,-0.00022416282588588743,0,,,
SSEN-461800108002,-1.7622556913479512,-0.5440608640309894,0.2093985404768349,-1.7621893896970997,-0.54433423951796,0.2099798420272648,0,0,False,0.9019119961984801,0.0006457875488999897,-0.00015754859673411392,0,,,
SSEN-461800108003,-0.865943905818074,-0.7161554825054754,-0.21012462209448765,-0.8664834834648201,-0.7139872140713921,-0.2154070486953896,0,0,False,0.44086873087169454,0.005735552530752968,-0.00023636979805874425,1,unmetered_load,0.1,SSEN-461800108003-unmetered_load-0.1
SSEN-461800108004,0.15439078880807955,-1.7204139972730512,-0.061206310793322824,0.1544798708058723,-1.7206891897413503,-0.0606177284483922,0,0,False,1.766126436277578,0.0006558167988877162,-0.0002605788864789016,0,,,
SSEN-461800108005,0.8820628203071742,-1.0342008311224198,0.11396344638687682,0.8821673602813197,-1.0344740189480384,0.1145721999561269,0,0,False,1.9442369610607055,0.0006753821898268149,-0.0002409991846121784,0,,,
SSEN-461800108006,-2.379651800316018,-2.069443231430014,0.8021585891060266,-2.3795943018158443,-2.069740057557939,0.8027380111465441,0,0,False,2.4237008743618946,0.0006535608072542339,-0.0003775222308810555,0,,,
SSEN-461800122002,-0.3896832015118535,-0.9060186558474207,-0.17472025716525733,-0.3895977865521841,-0.9062520157194748,-0.1741804508824464,0,0,False,0.8050821440548365,0.0005942586711042294,-0.00012623303485514992,0,,,
SSEN-461800122003,0.7978325458961066,-0.4341011302051344,0.1783727536778583,0.7979411686932915,-0.4343425932410757,0.17894958874217,0,0,False,1.734395221924377,0.0006346983545068887,-0.00019136277626885523,0,,,
SSEN-461800122004,-0.38347819815000694,-0.784373280751245,0.09948471131777088,-0.38339221900175,-0.7846422997594612,0.1000746732649848,0,0,False,0.7211975098041964,0.0006540785425902952,-0.0003395753308040872,0,,,
SSEN-461800122005,0.10844172605867737,-0.7054021942402581,-0.5427836074646429,0.1085315479110376,-0.705630595154651,-0.5422421266779874,0,0,False,1.2148831844487302,0.0005945051599221001,8.195218187090347e-05,0,,,
SSEN-461800122006,-0.48002395494562283,-1.024513367464592,0.1212722235932612,-0.4799375882932149,-1.0247561242939276,0.1218224862457335,0,0,False,0.8440583277141174,0.0006076010726973896,-0.0003434273819763467,0,,,
SSEN-461800202001,2.9015177617590786,-0.26367554155514766,0.2963975303549125,2.9016604019168057,-0.2639140096294688,0.29700235370557,1,1,False,1.2302523786432176,0.0006656008733222947,-0.00036913045100028796,0,,,
SSEN-461800202002,1.5162621191854007,-0.8427152499863214,0.24379432951458768,1.5163800569613803,-0.8429676005255078,0.2443885145108717,1,1,False,2.099167741061344,0.0006562361796180811,-0.00019691593571868893,0,,,
SSEN-461800202003,-1.14227201640382,-0.9438035387573233,-0.8930194715304753,-1.142210371682497,-0.94408253072605,-0.8924353507547598,0,0,False,1.0916372436642066,0.0006502566192693215,0.0003172313551966788,0,,,
SSEN-461800202004,0.6924432509781386,-1.3465935003111447,-0.31479803933348066,0.6925370065319466,-1.3468847761792169,-0.3141766426792943,0,0,False,1.9341155861228352,0.0006926510932822303,-0.00013991631351739642,0,,,
SSEN-461800202005,1.6032606595023617,-0.056932385805222974,0.11587228489736792,1.6033817713735443,-0.05717637340571,0.1164696026372814,1,1,False,1.4281359714932236,0.0006564956336093245,-9.663164543272096e-05,0,,,
SSEN-461800202501,-5.18807095034877,1.2013969623690886,2.818930705722083,-5.188019407484773,1.201169078209987,2.819443152998729,0,0,False,5.3490768833129145,0.0005631962962771887,-0.00016657354729776586,0,,,
SSEN-461800204001,2.284647284108754,0.08882270272143855,1.5138070380517397,2.284796915284929,0.0886003787525488,1.514395726308872,1,1,False,1.7018898302349568,0.0006468162800301,-0.0005753050628354295,0,,,
SSEN-461800204002,0.44153187013766443,-1.4831891998430937,-0.43363634821453917,0.4416218532376847,-1.4834591831999218,-0.4330491191010253,0,0,False,1.8374865679554235,0.0006525534483946153,-0.00010723991728411875,0,,,
SSEN-461800204003,2.716299836606873,-0.41403664693000825,-0.09317906962783504,2.716436869314486,-0.414249887502524,-0.0926144049361528,1,1,False,1.3447287175660287,0.0006189472665382899,-0.0001491704803027183,0,,,
SSEN-461800204004,3.0615057002895085,-0.4203582010616995,0.32599218866976437,3.0616498997339026,-0.4206053257219281,0.3266079108026122,1,1,False,1.4248624278550428,0.0006789534758253465,-0.00038404749895759593,0,,,
SSEN-461800204006,-0.7451320565211839,-1.4885712116887573,-0.05352909670568247,-0.7450557401515849,-1.4888429395655436,-0.0529535705602827,0,0,False,1.182307482010351,0.0006410074658927705,-0.00026631690305900513,0,,,
SSEN-461800205002,-0.8867223838158443,-0.5490334317309409,0.39762964268871215,-0.8866419048088421,-0.5493203199112512,0.3982413380615022,0,0,False,0.48219518664839717,0.0006804064429902024,-0.0006784806703909463,0,,,
SSEN-461800205003,0.09996521235485781,-0.8945052415762904,-0.03646092185248039,0.1000582069364654,-0.8947576715035325,-0.0358884177534324,0,0,False,1.171497729617039,0.0006325581426260812,-0.00019952103888853934,0,,,
SSEN-461800206001,-0.14509105867077052,-1.6226622471621057,-0.06018809246181842,-0.1450066752729,-1.6229411601392807,-0.0595972852236734,0,0,False,1.5167566859353419,0.0006587611094450925,-0.00026923256795630124,0,,,
SSEN-461800206004,-1.6654442406811003,-1.0285589340471748,0.4242437846452901,-1.6653761936799347,-1.0288425364990064,0.4248325444068949,0,0,False,1.1220343709839236,0.0006570378999246652,-0.00036995855921628795,0,,,
SSEN-461800210001,-0.31911072726051415,0.5201964862374417,-0.761605617964495,-0.3190261047690058,0.5199720983196838,-0.7610556858655562,0,0,False,1.2687740635136842,0.0005999468452688851,0.00042753697876229957,0,,,
SSEN-461800210002,-1.3971484834981256,-0.8427921247966648,-0.13273494483818457,-1.3976398484282335,-0.8399121827009608,-0.1389827832320296,0,0,False,0.715609397165446,0.006897172650061157,0.0008061674722638079,1,unmetered_load,0.1,SSEN-461800210002-unmetered_load-0.1
SSEN-461800210003,2.386371631276399,1.0303064031986573,0.27810333671019744,2.3865120244926405,1.0300857422494385,0.2787008658094921,1,1,False,0.34915813960083536,0.0006522595604363627,-0.00017791140122863647,0,,,
SSEN-461800210004,-0.6324565839029526,-0.9045057012727046,-0.6401162805326692,-0.6331158772611377,-0.9023534344773364,-0.6450274726445088,0,0,False,0.8962341485290269,0.005402474252598195,-0.0017678376868234258,1,unmetered_load,0.1,SSEN-461800210004-unmetered_load-0.1
SSEN-461800310001,-0.03681732365800343,0.9446185162316935,-0.5964690625149028,-0.0367276173727687,0.9443667767641838,-0.5958715825249148,0,0,False,1.6450885308022134,0.0006545244957591613,0.00035266713806181293,0,,,
SSEN-461800310002,-2.1901389402771287,-0.562004623590696,-0.7163348539773918,-2.1900887689734625,-0.5598655085838681,-0.7208537556639594,0,0,False,1.4654946700441769,0.004999880261067371,-0.0017415833829856897,1,unmetered_load,0.1,SSEN-461800310002-unmetered_load-0.1
SSEN-461800310003,-1.3226129550366355,4.974982000934227,-0.5362875025187607,-1.3225315988945978,4.974723780201905,-0.5356268548130334,0,0,False,5.33447678154069,0.0007139692987312423,0.0003256839233252151,0,,,
SSEN-461800310004,-1.812989308883935,-1.7755099364839324,0.37226259473460693,-1.8129278967418112,-1.7758157847283609,0.3728651740229638,0,0,False,1.7530873978021595,0.0006785399019784402,-0.0003594312585621928,0,,,
SSEN-461800310005,-2.02787651628406,-1.5035220544458257,-0.21166490131099724,-2.0278197915740974,-1.503789540320047,-0.2111127534772046,0,0,False,1.6315089314566942,0.0006161441519564978,-9.259453087628877e-05,0,,,
SSEN-461800312001,1.2484679141757598,-0.8977021138266201,-0.017589404983111925,1.2485814631221632,-0.8979230162554078,-0.0170422177319858,0,0,False,2.2449333291904954,0.0006009202393567769,-0.00016851867576717083,0,,,
SSEN-461800312002,-0.6458129620900365,-1.6120745729378323,0.2100363850269135,-0.6457320309832407,-1.6123457743912415,0.2106121724762165,0,0,False,1.3420488400308943,0.0006415849586401687,-0.00037875700027645287,0,,,
SSEN-461800312003,-1.1903652636419042,0.8121503130068706,0.5872800581903145,-1.1902771110896735,0.8119281915012777,0.5878284791600442,0,0,False,1.3148904304693825,0.0005982260406827277,-4.630535458782781e-05,0,,,
SSEN-461800312005,0.6793137520540345,-0.6441438001041959,-0.1550976123296947,0.6794168730643987,-0.6443727422590028,-0.1545446607125555,0,0,False,1.6378053391419116,0.0006072923051735507,-0.00010234335758796398,0,,,
SSEN-461800316001,0.24378791700233693,-1.494376253092987,-0.5787690667492007,0.2438757844881383,-1.4946192483570555,-0.5782202957103013,0,0,False,1.7442659349382095,0.0006065616593187527,-4.8245281083714175e-05,0,,,
SSEN-461800316002,-1.0594373904242882,-3.072497640530117,-1.199994865714349,-1.0593825225879738,-3.072751891839777,-1.1994797511604238,0,0,False,2.9961902471709623,0.0005770591058038538,-2.9134064906344292e-05,0,,,
SSEN-461800510001,-0.028193574701529167,-1.8313994321056914,-0.5610637614772619,-0.0281112780187373,-1.8316461738970709,-0.56051983951495,0,0,False,1.835489647633971,0.0006029140541543949,-8.452812861725612e-05,0,,,
SSEN-461800510003,0.22800478347815248,-1.2624022345557426,-0.47663956587764517,0.2280935574154008,-1.2626508522227171,-0.4760796936057505,0,0,False,1.5531075778361623,0.0006189899168023056,-5.3943412035906135e-05,0,,,
SSEN-461800512001,0.06529366666308117,-1.3483931377470362,-0.5286673310087616,0.0653770563584508,-1.348664231015151,-0.5280822599324911,0,0,False,1.5112844119311877,0.00065019502120469,-4.415392086665193e-05,0,,,
SSEN-461800512002,-0.46204446300895186,-1.7530835828763178,-0.3012441029920297,-0.4619668201370124,-1.7533455865391538,-0.3006833722026586,0,0,False,1.5300830819725117,0.0006237734789578736,-0.00016766851912652925,0,,,
SSEN-461800512003,-0.12182711409579432,-0.8385314252076418,0.27644624867619955,-0.1217348904762289,-0.8387919696862717,0.2770284112001047,0,0,False,0.9992275720671996,0.0006444391558478328,-0.0003848820265986985,0,,,
SSEN-461800524001,1.6432602924149753,-0.5954040898446304,1.0359174131022733,1.643387596803926,-0.5956834030538204,1.036557031503413,1,1,False,2.055453162447657,0.0007094603409286424,-0.00044358382136877594,0,,,
SSEN-461800524002,0.39951623687682286,-0.5755289512724495,0.5556235087761241,0.3996210376754271,-0.5757839262168049,0.556211855656882,0,0,False,1.4649024879627068,0.0006497287755168918,-0.0003723445940191361,0,,,
SSEN-461800524003,0.6889690818555255,0.07608060895799795,0.1331314343771887,0.6890786982273217,0.0758601012903274,0.1336879907075437,0,0,False,1.6652331612787683,0.000608600303422121,-0.00010657155474169677,0,,,
SSEN-461800524004,0.11979350546250513,-0.65514886077114,-0.1136121002784167,0.1198878845806052,-0.6553834069590958,-0.1130592752609888,0,0,False,1.0968633690276055,0.0006078937671272112,-0.00011685353402790533,0,,,
SSEN-461800528003,-2.2135462039123417,-0.18597553073604214,0.5761489793603246,-2.21347465534858,-0.1861650806426236,0.5766216817484838,0,0,False,1.4320436974200381,0.0005142916602792893,-0.00011628721840906131,0,,,
SSEN-461800528004,1.254927155115126,-1.127462819455182,-0.8580766736828116,1.255029772779666,-1.1276863964169956,-0.8575352543178106,0,0,False,2.465730265594483,0.0005946864482460931,1.9025258588545313e-05,0,,,
SSEN-461800530001,0.8066831465708919,0.8917903695272293,-0.8816427990768912,0.8067857474068444,0.891580306688401,-0.8810914549717723,1,1,False,2.0716429273207453,0.0005988602925926349,0.00034218521985796,0,,,
SSEN-461800530002,-2.5729436071942557,2.6638820843877795,1.9726983482498628,-2.5740470244259988,2.6710041039652284,1.958580710208303,0,0,False,3.952608948286768,0.01585081689760395,0.0012670621869608212,1,unmetered_load,0.1,SSEN-461800530002-unmetered_load-0.1
SSEN-461800614001,-2.221122053779736,-0.5226898045795667,0.6619688396781745,-2.2210552474365093,-0.5229392147484655,0.6625151725370966,0,0,False,1.4846805837658714,0.0006042748650931705,-0.00022854750172895955,0,,,
SSEN-461800614002,-1.3162742106214158,-0.2661609773103037,0.8831205012904152,-1.316195044719486,-0.2664643962716371,0.8837556094080224,0,0,False,0.9921218989013727,0.0007083026381255715,-0.0005336207801015513,0,,,
SSEN-461800614003,1.7020225996293956,-0.06334241223777615,1.0057004809884205,1.7021538229753908,-0.0636067873208398,1.006330740165317,1,1,False,1.6508390121526817,0.0006959456739870929,-0.000438685675512529,0,,,
SSEN-461800614004,1.1485770200587788,0.11332081276745685,0.9721767874597212,1.1452504195284186,0.118500875562591,0.9606754233868025,1,1,False,1.9231752910365028,0.013045332390857403,0.004923207355882919,1,unmetered_load,0.1,SSEN-461800614004-unmetered_load-0.1
SSEN-461800614005,-1.203578818058183,0.47182823841944094,1.468568664525207,-1.2034834338933582,0.4715837296558174,1.469145180820972,0,0,False,1.7140110259532513,0.0006334459042969323,-0.00037385180931770456,0,,,
SSEN-461800614006,0.6838164975072504,-0.7744919660679551,-0.22736962354361637,0.683915765527302,-0.7747517556014607,-0.2267789033353678,0,0,False,1.6800007957530563,0.0006529127858736309,-9.416733691591794e-05,0,,,
SSEN-461800614007,-1.2048511722353539,0.4273914679226061,0.5696307346935513,-1.2047673756460586,0.4271378024459488,0.5702134533330924,0,0,False,0.9963380382884889,0.0006410374835326758,-0.0001339737841234978,0,,,
SSEN-461800614008,-1.4264860830270822,-0.4017422196409641,0.4309551085081841,-1.4264111522395566,-0.4020127603115529,0.4315412099001712,0,0,False,0.685954355485219,0.0006498628463384241,-0.0003670543405772664,0,,,
SSEN-461800702001,-2.733042689414559,0.32040266087758135,0.6062705600317301,-2.732985832728836,0.3201174257357934,0.606869652619576,0,0,False,2.0230710096241387,0.0006659607328020065,-4.591696548139623e-05,0,,,
SSEN-461800702004,-2.812273734898925,1.997116119420598,0.11405773418115653,-2.81221102865908,1.996908054810516,0.1145842465793852,0,0,False,2.9941474172239633,0.0005695948208793289,0.00017607775886796517,0,,,
SSEN-461800702005,-2.7840049109024156,0.49749033112673763,0.16250923304780845,-2.7839513776964666,0.497218314028078,0.1630925411128712,0,0,False,2.0432082994953573,0.0006458385284803234,0.00010393251544549287,0,,,
SSEN-461800702006,-1.6572011827205708,-0.1328056206940147,-0.2690005212921327,-1.6571338730374137,-0.1330333474854956,-0.26847295389221,0,0,False,0.7979413985917008,0.0005785477045725121,0.0002765068786534375,1,unmetered_load,0.1,SSEN-461800702006-unmetered_load-0.1
SSEN-461800704001,0.5184982445898959,-0.8790945682492681,0.04470039016301357,0.518597347136574,-0.8793586876430037,0.0452940268303719,0,0,False,1.5457302578498175,0.0006572555528389667,-0.00021482023903707237,0,,,
SSEN-461800704002,0.6090566648368874,-0.7485822077642305,-7.7915274581849,0.6090914479595566,-0.7484298568302731,-7.791580726037127,0,0,False,7.927193428689188,0.00016510038395224565,-5.065911195423212e-05,0,,,
SSEN-461800704004,1.294330958820344,-1.0421882518206897,-0.2879223327022882,1.294439229727201,-1.0424306361526854,-0.2873512799329474,0,0,False,2.3447119642207146,0.0006297412318090375,-0.00011306253600640304,0,,,
SSEN-461800704005,-4.261566909535551,1.677368407166121,2.3504539350103926,-4.261505820125792,1.6771273752507443,2.351006946783832,0,0,False,4.559927363327965,0.0006063417532857979,-0.00013782657853411706,0,,,
SSEN-461800710001,1.031839617383529,-1.8609376780743268,0.18791498654136576,1.0319435138669082,-1.8612233716829767,0.1885281926846459,0,0,False,2.496686562975074,0.0006844246426294946,-0.00031002827059722904,0,,,
SSEN-461800710002,-1.5699583834357842,-1.0703919707349037,-0.4319663949000365,-1.569896627079587,-1.0706488464742336,-0.4314165654567026,0,0,False,1.07257173178867,0.0006100093521774565,6.595436249368092e-05,0,,,
SSEN-461800710003,2.6382364727879284,-0.6429605838807434,0.6731888075487841,2.6383748010732737,-0.6432408841152871,0.6738404889804761,1,1,False,1.6731599722187922,0.0007227666458989522,-0.0004951119080585098,0,,,
SSEN-461800710004,-0.7494104920819943,-0.10606243827531259,0.2647097893178489,-0.7505337115398107,-0.1036449992102182,0.2581511022161026,0,0,False,0.3988186367324568,0.0070796899707879155,0.003911219614476491,1,unmetered_load,0.1,SSEN-461800710004-unmetered_load-0.1
SSEN-461800802001,-0.3656132430416926,0.3884685639463862,-0.10353242750334148,-0.3655234642906194,0.3882281236019248,-0.1029601838438763,0,0,False,0.903262519882834,0.000627163925291518,0.00018277261687593693,0,,,
SSEN-461800802002,-2.1945660353390446,0.8775380119049045,1.204809865453971,-2.1944895737588244,0.877277938472587,1.2053986499704727,0,0,False,2.1374920229303007,0.000648191152608151,-0.0001476625182728064,0,,,
SSEN-461800802003,-1.33233489829486,0.39504975788357893,-0.5968827635598449,-1.3322653080004925,0.3948181691049377,-0.5963385157984763,0,0,False,1.0035573394874766,0.0005955516746827677,0.0005034791360292168,0,,,
SSEN-461800802004,0.024710326800920786,-0.6476300170500401,0.2593069597082931,0.0248052858619397,-0.6478961588118392,0.2599023754275387,0,0,False,1.0403830799855713,0.0006590664149900634,-0.0003331493900446958,0,,,
SSEN-461800802005,0.08058534575331122,-0.28544308452002604,-0.0312356487574145,0.0806790538744098,-0.2857042345798352,-0.0306417379246865,0,0,False,1.001964807799555,0.0006555231826028828,-8.133976417012967e-05,0,,,
SSEN-461800804001,-2.188441413455185,0.8143548927337663,0.7938957650999711,-2.1883701635660984,0.8140950485938906,0.7944799229748587,0,0,False,1.8878590870198912,0.0006433008211682952,-4.961800147373907e-05,0,,,
SSEN-461800804002,1.293189319005849,-0.7067832270184771,-0.1849127076651839,1.2932984788843314,-0.7070451729625219,-0.1843094864991371,1,1,False,2.1298978143939467,0.0006666388316312554,-5.783495447708731e-05,0,,,
SSEN-461800804003,-2.9469476557851033,1.0380024161434913,1.0956707615015873,-2.9468824882212217,1.0377632419404688,1.0962225251102191,0,0,False,2.6842356686332436,0.0006048918833842804,-6.029770753901431e-05,0,,,
SSEN-461800804004,-2.185160122758979,0.787310328445075,0.3253209635970526,-2.185092610288271,0.7870723510665575,0.3258735724398949,0,0,False,1.7166991001894565,0.0006054483459178727,9.025484211866441e-05,0,,,
SSEN-462600102002,-0.7710543993921029,-0.5299864055079,-0.19482434973222926,-0.7709751481084245,-0.5302312720340913,-0.1942687631258397,0,0,False,0.30887400704411966,0.0006123045474378739,9.944673949141558e-05,0,,,
SSEN-462600102004,-0.06956751820004041,-0.3482826632624395,-3.4235665872114707,-0.0694920481303514,-0.3482778671136856,-3.423340800238257,0,0,False,3.503480408000137,0.0002381144509153215,0.00020071432080381868,0,,,
SSEN-462600128001,0.25301030865154117,-2.2848721660689857,-0.4153701685448313,0.253095477623884,-2.285139893308197,-0.4148017102259641,0,0,False,2.3220276703660216,0.0006340950155574426,-0.0001741900471827762,0,,,
SSEN-462600128003,0.44584643443311384,0.7357359158345043,-2.795631732084033,0.445922895006534,0.7355468377372338,-2.7951293281099625,0,0,False,3.264511684743132,0.0005422236617089993,0.0004554779508789686,0,,,
SSEN-462600130003,1.2974976907934606,1.3566269290657471,-0.8162875347119619,1.2976195529824337,1.356527243703705,-0.815863963314771,1,1,False,1.6728439811808389,0.0004518852653330123,0.0003492775306763729,0,,,
SSEN-462600130004,0.19136048693462177,4.046274805442959,-0.7240504611703344,0.1914744669650378,4.046173697841615,-0.7235918983338613,1,1,False,4.054508696761485,0.0004832122405087037,0.0002370342958490923,0,,,
SSEN-462600136001,0.37968139276015017,9.642364166063166,-1.827212516712718,0.3798175650590967,9.6424374657023,-1.826886507976599,1,1,False,9.211201677646637,0.00036082880722531344,3.129757164899161e-05,0,,,
SSEN-462600136002,-2.5674026448544223,-2.069349948607773,0.3739044487289217,-2.567347963396109,-2.069635019881493,0.3744662384039157,0,0,False,2.435536259375777,0.0006323474771937357,-0.0002599415282387163,0,,,
SSEN-462600136004,-1.4911578430452217,-1.1415436898470492,-1.6312852947849146,-1.4911053343513223,-1.141778236905068,-1.6307710530329846,0,0,False,1.8921634539985805,0.0005676390268367995,0.0003504032029362225,0,,,
SSEN-462600148001,2.5271894736584306,1.530037019114647,0.7296662423422983,2.5273397660657966,1.5298253719231598,0.7302655494507141,1,1,False,0.9054908142266636,0.0006531089890470334,-0.00027270212878205413,0,,,
SSEN-462600148002,1.3688222002388264,1.3974215706181645,-1.375764056806871,1.3689364073987424,1.3972921581172413,-1.375304495633416,1,1,False,1.988965207344551,0.0004909046169253862,0.00043904070382749794,0,,,
SSEN-462600148004,0.5137543971870789,-0.984696286138866,-0.9733282752064802,0.5127040953680101,-0.9799080748176208,-0.9816249380566492,0,0,False,1.843647369942146,0.009636634060573917,-0.0017468848906962986,1,unmetered_load,0.1,SSEN-462600148004-unmetered_load-0.1
SSEN-462600148005,2.7877191918710045,0.8933513720961417,0.13014350554124743,2.7878641595411224,0.8931396528575664,0.1307307417207901,1,1,False,0.15566330308063941,0.0006408486497810725,-0.00038570868749082665,0,,,
SSEN-462600150001,0.8850301750547566,-0.5599914622282585,-0.40416062598670527,0.885133724426532,-0.5602170984722046,-0.4036096454867947,0,0,False,1.860720567473394,0.0006043291307383192,-1.7507147406892187e-05,0,,,
SSEN-462600150002,0.6607769872298495,0.22214950050281482,0.7715186391315875,0.6608925501148748,0.2219169922006167,0.7720961789714662,0,0,False,1.8519367006592067,0.000633219675652606,-0.00027920325644870125,0,,,
SSEN-462600150003,-0.7878112268704274,1.2476523953829712,-0.48572743305266786,-0.78875668662074,1.250394630597723,-0.4945940609885353,0,0,False,1.6390415768911906,0.009329032054055275,-0.005055769240802421,1,unmetered_load,0.1,SSEN-462600150003-unmetered_load-0.1
SSEN-462600150004,-1.3464817940890048,-1.6452731250431143,0.3197802637014182,-1.346411403554959,-1.6455518436762655,0.3203557227740825,0,0,False,1.4343290862809632,0.0006432667005687016,-0.00037518436711203584,0,,,
SSEN-462600208004,-0.9586126374950551,-0.7060296942747452,-1.6200851942648482,-0.9585473691810368,-0.7062154842552694,-1.619619361040202,0,0,False,1.6414543663604557,0.0005057454526361749,0.0004103756165629857,0,,,
SSEN-462600309002,-5.241550815993691,3.5659655759280673,3.341364401592429,-5.241478023525666,3.56580184612031,3.341843298351362,0,0,False,6.715754580115619,0.0005113201531977709,-9.851926503756658e-05,0,,,
SSEN-462600309003,-2.737941130300594,1.3741550674676593,-0.4332467506851956,-2.737879896957459,1.3740110476582357,-0.4328179180705599,0,0,False,2.5175078761631533,0.00045649604510134527,0.00021057827116077732,0,,,
SSEN-462600309004,2.6707323464355155,-0.5858299625609701,-0.19474676157016407,2.6708673873469544,-0.5860439675727244,-0.1941854098338653,1,1,False,1.5281472274212062,0.0006157515445890746,-0.00011492231683574161,0,,,
SSEN-462600309005,0.9467479645976269,-0.7776746266285846,0.46981990130228185,0.9468603684333772,-0.7779252630934095,0.4704064046952022,0,0,False,1.9855439592995685,0.000647641482379229,-0.0003098285083569241,0,,,
SSEN-462600310001,0.8914594886798706,-0.32424896889163185,-0.5018950633426724,0.8896522800832608,-0.3218194612217601,-0.5088367275681481,0,0,False,1.873890629159063,0.00757332243132928,-2.7630224445962526e-05,1,unmetered_load,0.1,SSEN-462600310001-unmetered_load-0.1
SSEN-462600310002,-0.13207646429582617,2.137991539320878,3.4476809589544057,-0.1319329913982379,2.137799775333673,3.448242046185365,0,0,False,4.327032804777055,0.0006100629310789119,-0.0003675852564226645,0,,,
SSEN-462600310003,1.0359096243165897,-0.995879596556367,-0.28354928215561737,1.036014423345092,-0.9961241019686312,-0.2829775671697704,0,0,False,2.0862761130554723,0.0006305741495204995,-0.00010682346381152286,0,,,
SSEN-462600434001,-1.6924620041568363,2.069258540045772,-0.5046613742387878,-1.6923899275750467,2.0690512031427,-0.5041239593600664,0,0,False,2.55590520949455,0.0005805156129590003,0.0003163283943372619,0,,,
SSEN-462600434002,-2.3490390245091173,0.03236343093804113,0.3393182100552061,-2.3489700009545564,0.032182347881183,0.3397818069354336,0,0,False,1.5155094236791693,0.0005024712846739889,-4.464970446038663e-06,0,,,
SSEN-462600434003,-0.9106003032628773,-0.1897264225705349,-0.5840279761624242,-0.9105281107801664,-0.1899858227095953,-0.5834518807152315,0,0,False,0.5738558514065897,0.000635913634844159,0.0006184903973015521,0,,,
SSEN-462600434004,-0.51594339524357,-0.6510447921984124,-0.22170797369627307,-0.5158632950718739,-0.6513160496852126,-0.2211169543181144,0,0,False,0.5588216189470118,0.0006552103227285035,-1.1389064145772565e-05,0,,,
SSEN-462600434005,1.263430481039225,-0.5315744919031548,-0.08217428704113447,1.263539479632409,-0.531847636584909,-0.0815539623752776,1,1,False,2.0091456099897784,0.0006865066653406759,-7.458145871108712e-05,0,,,
SSEN-462600602001,2.6906830274485416,0.2996969436145606,0.35832323439255936,2.690824960896804,0.2994604421901797,0.3589320905770826,1,1,False,0.6832612282900604,0.0006684189411604346,-0.0004786126834681603,0,,,
SSEN-462600602002,0.8057800798089585,-1.193872484337376,-0.2805023956215207,0.8058812900055599,-1.1941115906107171,-0.2799440990590041,0,0,False,1.9520012616600033,0.000615719388654457,-0.00012366641601091466,0,,,
SSEN-462600602003,0.37321551143674364,-1.142045838970729,-0.04244714175454503,0.3733134493105163,-1.1422786531022222,-0.0419008446159487,0,0,False,1.5332699368104878,0.0006018594608216627,-0.00020147005151693875,0,,,
SSEN-462600602004,-2.1496811885072256,-1.6909045949126684,0.33928983221223175,-2.1496235513550883,-1.6911954704423102,0.3398695012954241,0,0,False,1.8770139138173236,0.0006511120188262116,-0.0002874012234559409,0,,,
SSEN-462600602005,0.04478712109677118,-1.499988113358476,-0.27118846488539816,0.0448742958798484,-1.5002431872592643,-0.270625594152955,0,0,False,1.5446178493899876,0.0006240878136200053,-0.0001598709739871751,0,,,
SSEN-462600615001,-1.0475824550522663,-0.6872850700364965,-0.34421702473720484,-1.0475023594672097,-0.6874886573197361,-0.3437204682235231,0,0,False,0.5029528927902284,0.0005426153848926427,0.0001861302600130177,0,,,
SSEN-462600615002,-2.0080459315640002,-1.2923322638279904,0.4676326237577231,-2.0079846969156283,-1.292630331283153,0.4682307823731063,0,0,False,1.539801465985317,0.0006711092453137218,-0.0003365850985685981,0,,,
SSEN-462600615003,-0.40396811114288816,0.6257016162595891,0.86308741116628,-0.4038652636695949,0.62547620448623,0.8636497323328015,0,0,False,1.3964058367036778,0.0006144860980118773,-0.0002432633680891083,0,,,
SSEN-462600615004,0.3658687085876155,-0.22763494926601835,-1.0293686031102085,0.3659644097215203,-0.227794138458018,-1.0289081781654488,0,0,False,1.6347228805186151,0.0004964786356301344,0.00021641513178582983,0,,,
SSEN-462600615005,4.585657253439825,0.35933692994272715,0.7069592098845437,4.585842341618668,0.3592062351585946,0.7074608778789317,1,1,False,2.1166193205050514,0.0005504630206836259,-0.0003546500161757393,0,,,
SSEN-464000704001,-2.327785980988608,-1.2351355836326308,0.3471795246928672,-2.3277290658250944,-1.235418577005902,0.347754427835621,0,0,False,1.719392047192538,0.0006433025794301051,-0.0002287016998225866,0,,,
SSEN-464000704002,2.4357752535673884,-0.3137238951809647,0.8309564568863956,2.4359151935942505,-0.3139815773806525,0.8315823146775738,1,1,False,1.46218830709899,0.0006911449210784414,-0.0005218810828919729,0,,,
SSEN-464000704003,-2.2819122129520233,-0.04736933231268367,-0.4200244571351019,-2.281855951992241,-0.0476095837043769,-0.4194888600630833,0,0,False,1.4431818229865299,0.0005897035275128453,0.00024483736030966874,0,,,
SSEN-464000704004,0.7525132513733593,-0.9058565285461673,-0.4205681986387983,0.7526089415198796,-0.9061368545605626,-0.4199537079198795,0,0,False,1.816526563722091,0.0006821569629675742,-4.4973804309345056e-05,0,,,
SSEN-464000704005,3.0970790951147333,0.048566546600193404,-0.13476354591612727,3.097221945484809,0.0483493630789096,-0.134182220630139,1,1,False,1.0019158340742205,0.0006367998102051485,-0.00013301209611094045,0,,,
SSEN-490400102001,0.04214843661705457,-0.8390885997278854,0.4121526299648668,0.0422443947647605,-0.839357897239629,0.4127496631889655,0,0,False,1.178227595049079,0.0006619499880052217,-0.0004188484731113551,0,,,
SSEN-490400102002,0.1257842127426016,-0.8959044818625888,0.9280716424790345,0.1258862708788115,-0.8961880684067987,0.9286905336569884,0,0,False,1.528385272337819,0.0006883774265420808,-0.0005628462513453947,0,,,
SSEN-490400102003,3.9241795616183603,-0.12477404273222759,0.8218629412283746,3.9243454798805257,-0.1250011346019345,0.8224723774578905,1,1,False,1.8126309439421606,0.000671201985138264,-0.0004998198655521424,0,,,
SSEN-490400102004,0.8501010548771598,-0.16439560136180584,-0.3363766508298387,0.8502057399299725,-0.164629632567186,-0.3358073475514011,0,0,False,1.8047074423651093,0.0006243683113466368,1.547980515104186e-05,0,,,
SSEN-490400102005,-5.546281735015241,1.7867095094864296,2.3777667792729136,-5.546229175921666,1.7865218006358414,2.3782322416776576,0,0,False,5.62197139711665,0.0005046308761229617,-8.539666005447089e-05,0,,,
SSEN-490400102006,-1.4442341373184922,-1.149336975645413,0.5493869066402023,-1.444858681262828,-1.146142254856274,0.543244742808414,0,0,False,1.136835279276299,0.006951436728870653,0.005138472497551172,1,unmetered_load,0.1,SSEN-490400102006-unmetered_load-0.1
SSEN-490400620001,-2.5268631458710535,-1.6315577966633015,0.9465532587038815,-2.526801267836327,-1.631815179830188,0.9470877668348358,0,0,False,2.290129717589042,0.0005964678766156396,-0.0003308921965685663,0,,,
SSEN-490400620002,0.2785541238594267,2.3924735518233815,-3.120624547942852,0.2786441572772193,2.392449477881621,-3.120309146011734,1,1,False,4.239035998002517,0.0003288828805884231,0.00029620855820944314,0,,,
SSEN-490400620003,5.813014664272862,1.9392442235698608,0.34439803535338015,5.813221006130994,1.939147811494024,0.3448939518475952,1,1,False,3.3390939385371494,0.0005457155119830106,-0.000206716646114824,0,,,
SSEN-490402010001,-0.6991758929944265,-0.4962834201997217,-0.1995049096451433,-0.6990947636257401,-0.4965219833649924,-0.1989560335965976,0,0,False,0.332665078040804,0.0006039530403554396,0.00010643125784209895,0,,,
SSEN-490402010002,2.612716476032865,0.08734818955253525,-0.28615600495232785,2.6128496287890663,0.0871196693880773,-0.2855660301473804,1,1,False,0.9058386242300084,0.0006465457389239219,2.8372998396419824e-05,0,,,
SSEN-490402010003,-0.5218577762160235,-0.8335595884639012,0.8013677954827689,-0.5217678861316596,-0.8338517878272312,0.8019890143629217,0,0,False,1.0518298510420847,0.0006923681045915329,-0.000665020319359666,0,,,
SSEN-490402010004,1.679493477092437,-0.31866518939398836,0.29556710435624606,1.6796156559604838,-0.3189244457400932,0.2961819921645013,1,1,False,1.5854259017449281,0.0006784014633930073,-0.00021458524558992664,0,,,
SSEN-490402010005,-0.5253148817180274,0.01896809820092328,-0.2784078010979884,-0.525231447756893,0.0187177674041915,-0.2778324294493713,0,0,False,0.5789861513416883,0.0006329923125088505,0.00034084877818407744,0,,,
SSEN-490402400501,3.858736348388135,0.20102577807176317,0.8164573784981057,3.8553622384189543,0.2034411620575856,0.8086213083261172,1,1,False,1.5939765659803715,0.00886694387167423,0.0073058350621968415,1,unmetered_load,0.1,SSEN-490402400501-unmetered_load-0.1
SSEN-490402400502,5.454076202395763,0.3047341232457443,1.4217945917935766,5.454274231638296,0.3045134504874711,1.4224270471050222,1,1,False,3.1759192423543543,0.0006985068132222253,-0.0004865508399616303,0,,,
SSEN-490402400503,-2.495091275655488,0.7110559489480337,-0.24373118960503531,-2.495035782972383,0.7107989017793938,-0.2431630256367648,0,0,False,1.894399505779765,0.0006260694686892994,0.0002514407803155816,0,,,
SSEN-490402400505,-0.20555817057539993,-1.486952586951198,-0.23446267214265035,-0.2054761024487462,-1.4872270207658442,-0.2338774140644293,0,0,False,1.384827817416444,0.0006515950538154599,-0.0001853916979732695,0,,,
SSEN-490700102002,-2.247242879980192,16.855897554144594,-4.637627866937883,-2.24714859179601,16.856120135818767,-4.637418517091189,1,1,False,17.32397061637694,0.0003197815217689961,-0.00012122200085329382,0,,,
SSEN-490700612001,2.720920573917904,-0.7798252086479025,-0.8871985610584383,2.721046456995064,-0.7800384943713949,-0.8866467024664392,1,1,False,1.9521843502158094,0.0006048844968456603,8.073251733864417e-05,0,,,
SSEN-490700612002,-3.3898032268940446,-0.06507301841547872,0.9717822210779294,-3.389750176185334,-0.0653442131099143,0.9723512379569264,0,0,False,2.67486309986792,0.0006325671099322732,-0.00013736650383888716,0,,,
SSEN-490700612003,1.202648488781493,-0.39979248800165296,-0.5284199608155092,1.202751789776757,-0.4000633119960528,-0.5278043634863783,1,1,False,2.0446431842987876,0.000680423987818175,7.903415697274596e-05,0,,,
SSEN-490700612004,-1.3568841282426842,0.44143403879953425,-0.10116306340901726,-1.3568092037094812,0.4411933216550608,-0.1006036064089676,0,0,False,0.8805284316067544,0.0006136371600740197,0.00029330308063379995,0,,,
SSEN-490700612005,0.8907448558188255,1.711164070945519,0.4363377218039307,0.8908696644606637,1.710990529847083,0.436865590755739,1,1,False,1.9594610217732844,0.0005695079808106324,8.382262260608897e-05,0,,,
SSEN-491001118001,0.8132082713087821,-0.7114178369810656,-1.1338307132346532,0.8133009662757699,-0.7116596701116512,-1.133266062247929,0,0,False,2.095045635495146,0.0006212136160471777,0.00017678181057467768,0,,,
SSEN-491001118002,-0.31531926631716617,-3.360212629787637,-4.215806350598625,-0.3152556465604879,-3.360021807055429,-4.215842436999148,0,0,False,5.212719857219539,0.0002043600177868668,7.489992705700388e-05,0,,,
SSEN-491001118003,-1.7217224492991186,-0.4895022761602816,-1.433982089410881,-1.721666217728585,-0.4897097970342711,-1.4334933419721207,0,0,False,1.6294337324544625,0.0005339484633939367,0.0004285553184051327,0,,,
SSEN-491100302001,-2.5725578681168813,2.339002385900858,0.5852604298452385,-2.5724905522294645,2.338749207474145,0.5858548379742361,0,0,False,3.189023566335383,0.0006495781463920225,0.00013209966175686816,0,,,
SSEN-491100302003,0.4962427781297724,-2.7303357901431022,-6.967830609064322,0.4962754276195431,-2.730208600174127,-6.967874922424324,0,0,False,7.484605515206815,0.00013858914555207636,-6.322471167052868e-06,0,,,
SSEN-491100602001,0.7876426632816075,-0.9764527309581779,-0.6119563700027227,0.7864152469584612,-0.9735928585121164,-0.6184809567974895,0,0,False,1.9220510436897469,0.0072288072377476,6.270197027968827e-05,1,unmetered_load,0.1,SSEN-491100602001-unmetered_load-0.1
SSEN-491100602002,-1.4770289938058292,0.02832513399759727,-1.3971591476061989,-1.4769703185737086,0.0281083032057316,-1.3966472373465693,0,0,False,1.5208142155648536,0.0005590263760141728,0.0005328861133560014,0,,,
SSEN-491100602003,0.5652206341574723,-0.7141302144564154,0.08657992305567842,0.565322107611117,-0.7143893575077935,0.0871712853733421,0,0,False,1.5415014129737394,0.0006535758361695201,-0.00020712331630257097,0,,,
SSEN-491100602004,-0.3966253496898545,-0.2063747121856582,-0.03933802593908835,-0.3965390226232606,-0.2066385091622628,-0.0387456829330938,0,0,False,0.5364525503190701,0.000654149404985671,-1.337670513545941e-05,0,,,
SSEN-491100604001,-0.40781409366139876,-1.0915855075749208,-0.5436483262535614,-0.4077360869784259,-1.0918434743810217,-0.5430823005490394,0,0,False,1.0619320995361683,0.000626910690463947,5.098332944708517e-05,0,,,
SSEN-491100604003,-1.3101202216997525,-0.4841301693739999,0.8226224547862562,-1.3100399162222889,-0.4844035067039229,0.8232135761185144,0,0,False,0.9473087445133365,0.0006561910507549404,-0.0005435343716028163,0,,,
SSEN-491100604004,0.44414522665069084,-0.507289161579796,-0.6441232703747654,0.4428660112594773,-0.5044523299867872,-0.6507655510486843,0,0,False,1.5103878997018034,0.0073351140451479654,-0.0012309457548644875,1,unmetered_load,0.1,SSEN-491100604004-unmetered_load-0.1
SSEN-491100610001,0.44978506914232746,-0.8032445843100161,-0.2768138486804137,0.4498782606799167,-0.803523322315051,-0.2762027528285901,0,0,False,1.4749713989522524,0.0006780985756105781,-7.387015992699197e-05,0,,,
SSEN-491100610002,0.020743536452607424,-2.0357508290303263,0.2729032771650648,0.0208328410262569,-2.0360326529338386,0.2734948886289979,0,0,False,1.9799117337253245,0.0006613653632620068,-0.00037587442685294015,0,,,
