lv_feeder_unique_id,PC1,PC2,PC3,PC4,PC5,PC6,PC7,PC8,PC9,PC10,PC11,PC12,cluster_k2_pca,cluster_k3_pca
SSEN-400600301501,-1.4136458968401215,-0.8760455284008087,0.9169950832266877,-0.20056916754732962,0.3423284441253602,-0.06713769735742627,-0.2322783575111896,0.07425182616282985,-0.039515425549494596,0.027723315744483123,-0.002136513845094217,-9.829428654684427e-05,0,0
SSEN-400600301502,2.8915297254943217,-0.1133385357923062,1.191758276482088,-0.4111008383009748,0.5113077457663693,-0.3352338927737059,-0.2665503156342897,-0.07055835300700775,-0.18476143643288007,0.008235251050362363,-0.0027398908856569775,0.00031527511720934407,1,1
SSEN-400600301503,-1.9124485094367203,-0.6948758233343278,0.9225695801188714,-0.1247875196996616,0.38626777362759585,-0.11934460352127861,0.00031379089963014104,0.04003388643841558,-0.013216473714168654,0.0012923489325887708,-0.010707235215306093,1.1503729656928475e-05,0,0
SSEN-400600301504,2.452982210927469,-0.900627563797123,0.5240485167104428,0.07494418264152145,0.6613869661656692,-0.09428208170532891,-0.25605074549175155,-0.12290924857555548,-0.011315237963891497,0.005842005304869736,0.010877415846086948,-0.00012047546259311933,1,1
SSEN-400600301505,-2.267532446182008,-0.7850647755674413,1.4492867837371117,-0.4609334836203716,0.2202471912269306,0.0338823385454711,0.0036810423936422844,0.07102313055906657,-0.010177609043677883,0.0013270447042674498,-0.016198199093222114,-0.00026942431012854295,0,0
SSEN-401100228001,0.6333796831243423,-0.11791920799902779,-0.10946535524164158,-0.25147829699032576,-1.4300704933013424,0.1334068492618769,0.1649526544855465,0.008518805452887222,-0.04821465045422112,0.002558929438254649,0.006017818966085815,0.0002393455709264061,0,1
SSEN-401100228002,-0.538405867207157,-0.34290124178775006,0.2790292833414379,-0.30861548777636977,-0.982027122875666,-0.15191550864975098,-0.024029441455005827,0.008951864664473834,-0.060923631315286025,0.0028133238820639214,0.008359048075562406,-0.0002563512682451284,0,0
SSEN-401100228004,1.624216083679241,1.418782019038397,-1.9500339058185343,1.4732167037715578,0.6893676641776353,0.3712726296839818,0.17981594238111906,0.3227876404646547,-0.013388897856560129,0.00034901931649430293,-0.028222621151515817,7.270735485732173e-05,1,1
SSEN-401100228005,3.3230015154128596,0.6285496816864562,0.010991552012995192,-0.5090861852916458,-0.44392858700562243,0.11401491420880693,0.4771560904467188,-0.0667978133335059,0.11163140814567202,0.0719299087267077,-0.004466623345192099,0.0013800127119577884,1,1
SSEN-460000307001,-1.9219544129676431,-0.7020461748667312,1.4427709661248673,-0.8144790694524816,-0.7748065091147576,-0.4988303804945221,0.1832145774826951,-0.00629464027514382,-0.03166651714118214,-0.017081346658540993,-0.011613955350254192,-0.00048272251206033103,0,0
SSEN-460000307003,-1.6854505350522166,-0.3625460102140672,1.3392929661425863,-0.6022266483092656,-0.10907047031258073,-0.1359023104066902,-0.17610125757955344,0.11991293982777662,-0.05850183097270367,0.030307738461181195,0.004806496892994262,4.231963892117728e-06,0,0
SSEN-460000307004,-0.6720264237424253,-0.7247195394910939,0.8916157184447614,-0.5400792902445665,-0.6251320785524768,-0.16000755825206445,-0.15605218524911818,0.029177946986740644,-0.08036674444175262,0.014282025705299356,0.0033535406380313447,0.0004385844644644385,0,0
SSEN-460000307005,3.9483358574219385,0.5455498205848226,0.3210154983729337,-0.012617895333170748,0.15861254253612989,0.03281240260157278,0.02425654517357269,0.06352674631726721,0.1312723898552469,0.019947526369480228,0.0030967617529999093,-3.336890114463215e-05,1,1
SSEN-460000307006,-0.5963609916577088,0.4651180154911721,-0.25294945687424575,-0.007557641673504502,-0.9502796731341187,-0.30707637730191667,0.055034688086219835,0.029751787476971332,-0.07448838290735894,-0.009078536295321307,0.016780165641637992,-0.000375984398967621,0,0
SSEN-460000640001,4.60344388043417,2.5791788039256356,-0.16332490163975857,0.902366366071161,2.3125739079556205,-0.003097888210073268,-0.06782360767692269,0.20119743451024885,-0.018614459790269478,-0.012660407790965826,-0.026567890425658477,0.0004817936600863115,1,1
SSEN-460000640003,-0.012452393636426792,0.5825202473364923,-0.5297389480522192,0.5480847313796121,0.3165145976978213,-0.22469481513781914,-0.12355494513652925,0.0582279402041935,-0.10306030730306313,0.001307941463219364,0.0029630952636340202,-9.210802985724499e-05,0,0
SSEN-460000667001,2.0885511584383565,1.6211985499083328,-0.2660003132698575,-0.453748466850396,-2.068256988572742,0.3485376183208822,0.4073319950808706,0.23749454900530254,-0.07123640288522172,0.0033816196825493944,-0.0181019630743582,-0.0003898955495200713,1,1
SSEN-460000667002,3.2652813081345715,2.1737656674080483,-0.6634972998757362,0.2072738965141743,-0.868554354677281,0.20455011503405895,0.5300606673625033,0.32993683192263323,0.03487776014151395,0.04987771431940166,-0.010064602480118362,0.0011156467938505004,1,1
SSEN-460000702003,-2.1885867754198705,0.1221963570017213,-0.958878929052152,-0.6051580801633571,-0.947544237177866,0.03853172590392804,0.9793231751998397,0.10301276054244327,-0.0319029318607429,-0.07805785642041982,0.07111533658325249,-0.00030023452572450676,0,0
SSEN-460000702004,-1.088178442045222,1.0898431686995977,0.4859035862553446,-0.3761053880821086,-0.48772972656034885,-0.08010515647575327,-0.27820608074170455,0.1162090704485116,-0.08667026370374643,0.020003689642739457,0.0033966419662034256,0.0002871940520897754,0,0
SSEN-460001515001,0.14331690853986997,-1.017424232152543,-0.2820817530937522,0.15466967224706166,-0.4935929726318741,0.04869144513006716,-0.18363987812063937,0.011251526886693165,-0.010785478105814013,0.00018335821109137794,0.0017207028083849037,0.00018348834004121834,0,0
SSEN-460001515002,-1.1022829927153295,-1.5543944555006763,-0.5292769788766499,0.763680968455663,0.6005470506959467,-0.049493848490676305,-0.09503778930286796,-0.09173360137466421,0.020859144989963434,-0.018704168298555854,-0.007099873236132158,-0.000277949861387023,0,0
SSEN-460001515003,-1.1269314249659859,-0.18227591889419376,0.36381804161307124,-0.2380356572545064,-0.07067133582183183,-0.383169320421274,-0.09307720197204546,0.02115987131355409,-0.052712929327023025,-0.0007675380736403074,-0.008378841826742008,0.0003576254565873838,0,0
SSEN-460001515004,-1.6840461194927345,-1.5686633070283516,-0.1007139305348064,0.5271626973990178,0.7139574831036665,-0.2703640678241194,-0.0382959596208731,-0.04454845719747064,0.03997139444474377,-0.027825055942069247,-0.022124689477701503,-0.00029371042357452586,0,0
SSEN-460001515005,0.06514787369825721,-1.7715620297266224,-0.437316001068605,0.4674887258450585,-0.06809853173786616,0.12487400894510173,-0.12885508147644187,-0.13777467277403083,0.03722316490347234,-0.010157195248706693,-0.0012656019361965772,-0.00016473926153801413,0,0
SSEN-460200307001,-2.2341861287395424,-0.2716616025540284,0.512096275893857,0.1423661477106485,0.7160827380671706,-0.19041014578400703,-0.145814683107317,0.11870042793260693,0.03796713352671224,0.025037791013043414,0.010643749855167308,-3.1516043708698656e-05,0,0
SSEN-460200307002,-0.20072616614040711,-0.29110718808235136,1.0876254468076432,-0.7747835504054496,-0.6226544251217612,0.01003543942554463,-0.4245496529614945,0.11377173766629513,-0.14805097683506313,0.007681318087337448,0.009008374409504126,0.0003012480779276055,0,0
SSEN-460200307006,-1.3316134841760645,0.3452980777092416,0.6170415976692971,-0.3829291357315362,-0.32630782841182193,0.11587192416326858,-0.2944174580886789,0.14652370660878078,-0.037170346591232306,0.03620987969673281,0.008803438814041725,-3.091100529616549e-06,0,0
SSEN-460200307007,-1.2417205417630035,-0.6590675876802048,-0.13723750343740732,0.2698743166749259,0.032612540519170494,-0.005821895034443438,-0.1223422296705074,0.07533080681411547,0.006570963709550665,0.008540054350616727,0.005664682786634365,0.00011040735247473236,0,0
SSEN-460200307008,2.482750394516565,-1.1294242269820305,0.24266932542475117,0.09107609397114706,0.12730897041899306,0.23239131066156557,-0.14690579238227236,-0.13668442105620623,0.13464980425651962,0.014801896548625144,0.017317942038439744,0.00016932776852332488,1,1
SSEN-460200307009,-1.4206025520706123,-1.6461358990786268,-0.16283004934052445,0.17679470320448004,-0.4805857756247346,-0.1302752447768321,-0.03145982654637999,-0.05705977003834008,0.043043686330488426,-0.030200406637524255,-0.00895867244316238,0.0003579507050214063,0,0
SSEN-460200307011,-3.0425223054477186,-0.5576868426657203,0.7085475112489956,0.13397746956567114,0.7909435629343546,-0.27322611580317663,0.09710327232339902,0.08260007278791393,0.10942286369418365,-0.02372184722254614,-0.0015221800083416732,-0.0002632845655448873,0,0
SSEN-460200618001,-0.8168185585220327,-0.1940025471740355,-0.10074707620123013,-0.008215482171610807,-0.5145295585315129,-0.06300540306916895,-0.17104178941727866,0.06067817155481979,-0.024345085353813602,0.007480811969671269,0.0013737449887957012,2.364983729705235e-05,0,0
SSEN-460200618002,0.6658573629888588,-0.32450631561612675,-0.03401797983887799,0.03744810876509027,-0.4606992808468977,0.1273394981440829,-0.08608217562937226,0.03517160107056465,-0.039067556065271056,0.007266650060841055,0.0010115911618945796,3.81985262396698e-05,0,1
SSEN-460200618003,4.623834437924716,0.5805611418820468,1.3574055032114685,-0.6789107791928586,0.35573535829718667,-0.16922152093359813,-0.2908806179723235,-0.0007074350758823448,-0.11446646239426055,-0.07520626981196203,0.007567891671990466,-0.0001717126687752726,1,1
SSEN-460200618004,0.5348284537683796,-0.484227490299621,-0.08086668073949285,0.11360278511921795,-0.3015168769676869,0.0782774384451569,-0.15952465272289842,0.01870372201847446,-0.04811680510329132,0.0026728306455765407,0.002752093539515493,8.010300910548294e-05,0,1
SSEN-460200618005,-0.2542866556086567,-0.5945421220678138,-0.09906540131676886,0.18183177131297157,-0.2892347919892143,-0.07683739761853636,-0.0046346545820070174,-0.057245085534051096,-0.05302966452416463,-0.0031269322811232317,0.002861074521967004,-0.0003259232202719544,0,0
SSEN-460200618006,4.226188153442795,0.3329935063970137,1.269502458273942,-0.638346018320706,-0.10180851566299158,-0.20066464789776448,0.06408018225502794,-0.06396860968101256,0.035070459280713485,0.05279911146229025,-0.0018646871909566726,-0.00013552600111066176,1,1
SSEN-460200618007,2.0933762630176327,-0.17841529536759387,0.12087044638341242,0.0040182786648716405,-0.21139626717754234,-0.05333910498796556,-0.06693109102377379,-0.025803447110099652,-0.035138314342375805,0.011042086054580316,-0.001151403291679923,3.307603908503659e-05,1,1
SSEN-460500501301,1.9096255379760885,0.17118904700148824,0.8806765004864655,-0.5367419110432602,-0.3636399476901701,-0.15617388752473563,-0.1162631892450387,-0.014268235283489443,-0.1712480576179063,0.00955193282613901,-0.004634374042591495,0.0008572009293960152,1,1
SSEN-460500501302,0.600846650552795,0.3121954077048285,-1.1009386523815805,0.6603475674284663,-0.4655842643047716,0.2435950034702265,0.18046604761384852,0.06008988697550181,-0.05052924638110899,-0.004223573527617225,0.010963639609482104,0.000348638822988506,0,1
SSEN-460500501303,3.3145611754268676,-0.07643387756642352,0.17966087429492747,-0.048446440477627084,-0.2003488329126683,0.3094987601699862,0.0034382719642886634,0.027429866728576287,0.1750953833117907,0.006123990639316764,0.005285257423078245,0.0006002025746625211,1,1
SSEN-460501021001,-2.7578597437125687,1.1552206306362587,1.4559757548024668,-0.7654781837060286,-0.3225133926132359,-0.006218749346879944,-0.09380139981962624,0.13160412591265996,0.04763987834058357,0.025904645471212392,0.00554174640914947,0.0001908730857678966,0,0
SSEN-460501021002,-3.0745130652753003,0.7423766651547216,0.6318891758201246,-0.08505480621288918,0.6179094791063662,0.14222358856480485,-0.10443240112968256,0.15414509248701533,0.1280348637404908,0.04077691828460959,0.03431845508850976,0.0001525264368312163,0,0
SSEN-460501021003,0.18407316654973901,-0.059239738347022904,-0.24769409109304846,0.023875517036920355,-0.706570214070558,0.00837980199303446,-0.16468822834857935,0.07043805144424259,-0.07025961770531491,-0.011910134738339993,-0.0075408098496835135,0.0002825460817416291,0,0
SSEN-460501021004,-2.2429638535151297,1.533734291834436,0.34357503267462225,-0.18374937689882764,-0.0013426372303536388,-0.0014779941512015852,-0.2900001523883804,0.12121951221575657,0.05164390232542937,0.04268249956535695,0.010682403812953283,0.00010070638108033326,0,0
SSEN-460501721001,3.128101802514117,0.8891498289536394,-0.6302359103999567,0.3486875615741649,-0.5403175452266976,0.34393428029596673,0.437977066385495,0.19228649365895714,0.19191345947445296,0.04148816090839315,-0.006850961670988516,-0.0004673672605711579,1,1
SSEN-460501721004,-4.111626568642089,8.982004905468195,0.037917628894540395,-1.5359970802327823,-0.7318286365911019,0.156799012302058,-0.7774388245496116,-0.6792670274739523,0.500801697930295,0.052724222434619855,-0.008594729388847644,0.00012523091238981766,0,2
SSEN-460501721005,-2.4500990421220594,4.891281821923314,0.10235094261233343,-0.8457859437036658,-2.06211602514437,-0.09161238454486115,0.09366706831402309,-0.13543481819145514,0.05462253234582103,0.0020642259438127353,0.11326048049272902,-0.00024746643097812505,0,0
SSEN-460501724001,3.052229759860825,0.47880390556760954,0.444778602519002,-0.07987470713330405,0.23337352175333434,0.04714705381133741,-0.09913998806277372,0.008212817124064489,-0.04885443036741852,-0.002759872697703103,-0.0029855259051807235,9.420463258004807e-05,1,1
SSEN-460501724002,4.148614023341176,0.6160022784939961,0.7230422723619161,-0.026778896529480567,0.7063483928305034,-0.02016728285940607,0.07774292700725845,-0.05361342291519899,0.08438883423901605,0.052151370675282714,0.0004269640658106044,-0.0002441648236089908,1,1
SSEN-460501724003,-0.19497221381690436,-0.4179547308530352,0.3631507538401667,-0.20498959915902756,-0.49256318995170556,-0.05701546781217409,-0.045628382721348615,-0.01096841968268573,-0.07508144824145262,0.002235571239719785,0.00018345581906370356,-9.671498868070716e-05,0,0
SSEN-460501724004,2.0490220075084062,-0.4338376603511768,0.06697606232280166,0.03604142372603338,-0.44231666234264294,0.1682682396251566,0.1625224462897476,-0.06990943481223684,0.08352900938577927,0.04024632518508539,-0.0033983961085323434,-0.00024552482419454026,1,1
SSEN-460600102001,-1.0132856389884084,-0.5037410361342519,-1.271887426616394,1.0745093091910618,0.5597776787421496,0.11511957345816642,-0.10995419087808472,0.004749513112931314,-0.010138133307417049,-0.015235992876614014,0.012447976221529858,6.636571692603501e-05,0,0
SSEN-460600102003,5.4799955183541575,2.7007916682880575,-0.3277134080509419,0.057180634049287096,-0.5669473087758534,0.5222935697821568,0.661291725116924,0.7015081864496076,0.4729903836069188,-0.031047733546909605,-0.06806449087462982,-0.0005075962739084965,1,1
SSEN-460600102004,1.4614682673729054,1.640615018673967,-1.9790101278258947,1.4888877139198757,0.8496852433001125,0.3655162555230338,-0.049906396240810405,0.36929211092781317,-0.05566281068175997,-0.0234466522314443,-0.05734997569991747,0.0002317025598256338,1,1
SSEN-460600103002,-2.6528436288892094,1.7662092313406261,3.23508083690159,-1.2130564251652483,1.2258499007927388,7.491584906663914,0.11078673213161308,-0.36080749769928466,-0.2419985312353351,-0.07038025309298918,-0.01167940957053779,-0.0007254496716188437,0,0
SSEN-460600103003,-2.341139606149987,-0.6995488547347477,0.6850688740359419,-0.13210653984098297,0.06677495853133805,-0.6178787065661285,0.02629705423699261,0.0946135782629505,0.06160732464449254,-0.0030388525696104034,-0.003321356202136732,-0.0002541139563449108,0,0
SSEN-460600103006,3.518326614466624,0.39368471704933533,0.09412895285359284,0.09533731149505754,-0.07925049038161311,0.10293361856895074,0.184002961683425,0.050216515718995366,0.16888031888868993,0.04835556760824739,0.0011057297697609548,-0.00044553501783013905,1,1
SSEN-460600105004,1.0302931911673563,0.2467851340521686,-0.6052444691552633,0.2508917479079988,-0.7184487767897689,0.12159442882829874,0.07871862486508792,0.09124678266588045,-0.029269286704545518,-0.0028163670374442293,-0.008654472364032408,0.00020469412222978942,1,1
SSEN-460600105005,0.07381300291006694,-0.47532415403113615,-0.7409144262924832,0.561620834383702,-0.29288038916915843,0.012043919176590432,0.06483678547761194,-0.03986058559930007,-0.033340934862933054,-0.016570944509169048,0.0023788319958481584,4.284424631311176e-05,0,0
SSEN-460600208001,-2.7527180804324796,-0.9161595349159671,0.0034700928411227003,-0.813125895370167,-0.39027617817021953,-0.4534709732000753,0.3670941669288867,-0.014992719179461699,0.14235287154852255,-0.06831766888057253,-0.045661223924992375,0.0002492625174616512,0,0
SSEN-460600208002,0.3730180082936162,0.30019005680612304,-2.158506527637185,1.5982179165206014,0.7682527639778887,0.30668576200230635,-0.08184326144341117,0.17021219862553233,-0.03723527122692921,-0.011546832002156272,-0.018213466820965994,0.0001716447203628831,0,1
SSEN-460600208003,-0.9907169756774409,0.703417297941239,-0.7149076580308765,1.6693200060085747,3.180830504948042,-0.3478003799552209,-0.404432024532182,0.07622099388861098,-0.10801825275698552,0.018649388321365076,-0.004466533718109647,-4.0627584672128206e-05,0,0
SSEN-460600434001,1.3769885309124665,1.4757081652163389,-0.42114337650058803,0.23694703156131067,-0.421968072692972,0.17751053085609445,0.23540683607473542,0.168708669094506,-0.08983549967377713,0.03065031637694513,0.005862295021808593,0.0006263363389325019,1,1
SSEN-460600434002,0.7979619045582261,0.920253394212195,0.36424596752611405,-0.32807569285660326,-0.7882223842051078,-0.21918200430356152,0.08644377818519318,-0.01851813650556615,-0.17781104827065536,0.008844529325435628,0.007437914912332619,0.0002180162476003314,1,1
SSEN-461000302001,14.582329157208587,4.034140691375427,5.8294970616733,-2.8943360211998903,2.013507628620047,-0.9132313356790169,-0.057087988789269864,-0.00364168750315982,0.10416837923534082,-0.3007984208188245,0.045609046068532166,0.00012505494468434682,1,1
SSEN-461000302002,0.3389823593213715,0.03821974022333745,-0.5204115981976303,0.5030215055959991,0.11504812806251247,-0.036544509067529374,-0.08106928077436595,0.01510989702962663,-0.07253503849800257,-0.0005490578694908095,-0.0008473373774807481,6.170051788796182e-06,0,1
SSEN-461000307001,-4.095331027080952,0.7012285167561129,2.047185729277841,-0.19988903465619773,1.8809779886765254,-0.4266899836623898,0.18784046973243418,0.2353847494560313,0.11388277285069201,-0.025740213638278713,-0.06526118799436346,-5.8319293815115136e-05,0,0
SSEN-461000307002,-2.1383495069630096,-0.7261957485729562,0.8974442880363275,-0.06221272227061886,0.411266181146126,-0.42215320083573876,0.011747617757023128,0.08093592993185682,0.008393528373137766,-0.004099537031486464,-0.016822561801043866,-0.00032882018328016824,0,0
SSEN-461000307003,3.9215230305578967,0.5468793693538619,0.2768276468240425,-0.1012177892295618,-0.36955972948063787,0.13702948665273265,0.2900377999937769,0.055297880221703156,0.21246764017098033,0.0684699579992018,0.0028560519034585676,-0.0005200106804448708,1,1
SSEN-461400507003,-3.14356309558517,0.823868791235109,0.2415221058626924,0.05846867498189761,1.1000701251090903,-0.8463389339746807,0.4318717642417937,-0.008163194656637781,0.09402441275412123,-0.06678657675393805,0.008121211774570111,0.0024175237950154996,0,0
SSEN-461800102001,2.082483480598775,-1.4225259864401893,0.08828363893364703,0.09345393366188422,-0.23699056129017268,0.14217167925341978,-0.03875821891652543,-0.1857694739126061,0.14080174725613537,0.024196265840864782,0.00815411101794563,-0.00033672909203969956,1,1
SSEN-461800102002,-1.166261212383763,-0.9603449896734132,-0.427556257911178,0.3957904045672705,-0.3174167210041402,0.017019120058675525,0.05164072474619617,-0.05245976371964456,0.0016848595429318554,-0.03337101749841301,-0.00014584526221320972,-0.00025797731710572384,0,0
SSEN-461800102003,-2.93928812773125,-0.7264964972124062,1.2757390204743786,-0.31850556494238247,0.24765172026951313,-0.4774251704863173,0.0807241864229451,0.1473737328168434,0.0885266911032062,-0.008831973270310798,-0.018643068074695613,-0.0001373352249089363,0,0
SSEN-461800102004,-0.9616783657910587,0.0869009039170886,0.03165085436482275,0.3175013703902803,0.3582293568844341,0.011107668551667909,-0.09683767161112325,0.009681293988684279,-0.0730438009181432,0.004083796491874808,0.011778029740637975,4.844665972257872e-05,0,0
SSEN-461800102005,0.7360820796263126,-1.3655267086690117,-0.7682689887874029,0.7066746380923538,0.11275585307184446,0.22826830034922296,-0.15544090880449174,-0.08968073679489559,0.05966836496378196,-0.00037163630777220367,0.0075816830709778855,-0.00011449463761602676,0,1
SSEN-461800102006,-1.0690958646714408,-1.0534122081754649,0.6470561785124215,-0.24037222565391558,-0.31101984005404776,-0.2039720698308245,-0.10536776340294413,0.022297427949752684,-0.028163697475091974,0.009754541518605319,-0.0003476599034789345,7.426337437424701e-06,0,0
SSEN-461800108001,0.8464990669546153,-1.3927254632608888,-0.04895480374019163,0.05011702944510386,-0.5881943849813606,-0.048059573068568416,-0.012387456920827445,-0.13465466530392328,0.02113997306320392,0.006386564586603466,-0.003741705154290795,5.516433520343122e-07,0,1
SSEN-461800108002,-1.7621893896970997,-0.54433423951796,0.20997984202726486,0.029766719708034448,-0.48362949516425896,-0.352877423631546,0.2612163359708214,-0.08285172051388831,-0.003794679235693818,-0.053566052733998774,0.006163352930503545,-0.0005767694594407265,0,0
SSEN-461800108003,-0.8664834834648201,-0.7139872140713921,-0.2154070486953896,0.17104248259849134,-0.39034426827287494,0.0014697374518649615,-0.14797173290753196,0.03952662103537966,-0.0017778286078402915,0.006470052326864404,0.009067322915970446,-8.457651110486549e-06,0,0
SSEN-461800108004,0.15447987080587233,-1.7206891897413505,-0.060617728448392236,0.17410524098819632,-0.18793565496792392,-0.03755734958456201,-0.23633263231642346,-0.07817140260690397,0.007150019618395002,0.0098298674033049,0.009161278387187142,-3.0696831347935065e-05,0,0
SSEN-461800108005,0.8821673602813197,-1.0344740189480384,0.11457219995612695,-0.10573813926437603,-0.49037389859948244,-0.009410824919845021,-0.2701259645225314,-0.005067589333208951,-0.03532849869231301,0.0014266997955130949,0.009888180212044578,0.0002065842065363922,0,1
SSEN-461800108006,-2.3795943018158443,-2.069740057557939,0.8027380111465441,-0.06429191187656633,0.28856415199910657,-0.17894842422606091,-0.05506755807008164,0.08576966310707984,0.09154123010458913,-0.00480115002366942,-0.03005805018693824,-0.00017298441248018607,0,0
SSEN-461800122002,-0.38959778655218413,-0.9062520157194747,-0.1741804508824464,0.43352853397016494,0.36176699161445663,-0.03829290613717343,-0.2483854791929964,0.01381339458403665,-0.03283402161311905,0.013124308109918305,0.006829725626898149,-1.538777417210089e-05,0,0
SSEN-461800122003,0.7979411686932915,-0.43434259324107577,0.17894958874217007,0.0023280280993599055,0.008021820326125936,0.023311763717196565,-0.25907874089557664,0.032209366803608884,-0.08065970588742788,-0.0034316494144560534,-0.0018265111076712906,0.00010221915246255219,0,1
SSEN-461800122004,-0.38339221900175,-0.7846422997594612,0.10007467326498481,0.031012256783612937,-0.4299207812585364,-0.17097911264748705,0.06642494273919404,-0.0807934926098479,-0.05322693424492729,-0.010108367380241425,-0.005784442493094227,-0.0002351455677233765,0,0
SSEN-461800122005,0.10853154791103768,-0.705630595154651,-0.5422421266779874,0.512250506601301,0.111541889768111,0.07746098288184258,-0.20561667196877567,0.01968848572565622,-0.019198501411497888,0.01073274245586875,0.00686294513001672,5.679835106983315e-05,0,0
SSEN-461800122006,-0.4799375882932149,-1.0247561242939276,0.12182248624573355,0.25288398577259624,0.41309675406170304,0.07092126767946459,-0.19596741613761118,-0.03612734188827898,-0.046796679258471224,0.012526417996981834,0.002592877153798495,1.3464589058932129e-05,0,0
SSEN-461800202001,2.9016604019168057,-0.26391400962946887,0.29700235370557004,-0.09104216517151473,-0.1902877242774109,0.027383471410642818,-0.006425142626556131,-0.04966291094564808,0.0664800477094349,0.02201596692622122,0.003998395343021577,0.00021993887429568046,1,1
SSEN-461800202002,1.5163800569613803,-0.8429676005255078,0.24438851451087173,0.036751103602584254,-0.10865992293964927,-0.09145724558936955,-0.05417262443545992,-0.12151952316964543,-0.026512370442111098,0.023252169672848395,-0.003984983348914653,-0.0004379846291549656,1,1
SSEN-461800202003,-1.142210371682497,-0.94408253072605,-0.8924353507547598,0.3428789260963881,-1.068261340713404,-0.05216508906457955,0.243964042246376,-0.07656025504727805,0.005024436762286649,-0.06200258859186074,0.0266106169248209,-0.0003455968477956921,0,0
SSEN-461800202004,0.6925370065319466,-1.3468847761792169,-0.31417664267929435,0.04851654598972423,-1.0176233831931358,0.0728535767834156,-0.057465239891121296,-0.0624234434408315,0.02995543920872464,-0.002343124019101964,0.004568107878183529,-0.0002633582761281539,0,1
SSEN-461800202005,1.6033817713735445,-0.05717637340571,0.11646960263728141,-0.1197245867549383,-0.3985291286150686,-0.00041792166219771645,-0.15838607682067768,0.025495817364379485,-0.0799933298390994,-0.009191890197415082,-0.003971051303003168,4.8713262522886e-06,1,1
SSEN-461800202501,-5.188019407484773,1.201169078209987,2.819443152998729,-1.0759106890959498,1.9875335953424274,1.842850927744802,0.10357628176667223,0.20516152185841063,0.21356621519171015,0.0502701052535384,0.03217697304405664,5.29809359381617e-05,0,0
SSEN-461800204001,2.2847969152849292,0.08860037875254884,1.5143957263088719,-0.16932030396793668,0.6909998679970821,-0.6246515724430657,0.786133944799841,-0.501289759502472,-0.1624395601334169,0.24065148198063915,-0.10565253105851416,-0.000997719155504418,1,1
SSEN-461800204002,0.4416218532376847,-1.4834591831999218,-0.43304911910102534,0.33901728163190503,-0.46280363215582965,0.07649078291913877,-0.039506552955998475,-0.11375725442030196,0.0384302177256309,-2.2445271133050855e-05,0.0003708594481140337,0.00010429625910202391,0,1
SSEN-461800204003,2.716436869314486,-0.41424988750252406,-0.09261440493615285,0.30979603835289143,0.30536630591956804,0.07949473230938463,-0.07462729088931051,-0.04696613465624702,0.10547361703481085,0.01679964362159865,0.009273043512228959,0.0003663916232339926,1,1
SSEN-461800204004,3.0616498997339026,-0.4206053257219281,0.3266079108026122,-0.15444013183938832,-0.3087162314737641,0.04128484171991802,0.0012853207264284065,-0.06381120849123091,0.1055158106644386,0.021340475600849125,0.005019460208865697,-6.231844123752976e-05,1,1
SSEN-461800204006,-0.7450557401515849,-1.4888429395655436,-0.05295357056028273,0.24524855602097123,-0.1512186901911399,-0.1469820714305894,-0.079483070236868,-0.07014457607335434,-0.0013427476795061803,-0.015486060838580583,-0.010569817963581295,-0.00024554805550521495,0,0
SSEN-461800205002,-0.8866419048088421,-0.5493203199112512,0.3982413380615022,-0.2680173074265961,-0.7703727458603792,-0.027209283297275438,-0.07430349126096734,0.010991461123483022,-0.04416444550356406,-0.0006757768998687378,0.005209828848058188,-0.0001553752450274198,0,0
SSEN-461800205003,0.10005820693646549,-0.8947576715035325,-0.035888417753432454,0.18292932027788028,-0.08057409547593732,-0.08317343449324155,-0.1443460146800536,-0.04287353610010714,-0.0488359531458221,0.003280220691295509,0.0015181161991024625,-3.409954167779235e-05,0,0
SSEN-461800206001,-0.14500667527290007,-1.6229411601392807,-0.05959728522367345,0.16565719399583692,-0.3072274813568022,-0.03481014668084896,-0.07770125604129241,-0.12381809392044343,-7.043444964541056e-05,-0.00406616655969689,-0.004299393753666892,-0.00015796290862848023,0,0
SSEN-461800206004,-1.6653761936799347,-1.0288425364990064,0.42483254440689494,-0.05854733154902229,-0.33120215949255927,-0.33355643525070644,0.05830004952234287,-0.01791067436915439,0.01403372200833929,-0.022170432098884942,-0.0068303952099260145,-0.00036991163027484783,0,0
SSEN-461800210001,-0.31902610476900584,0.5199720983196838,-0.7610556858655562,0.3873531627116505,-0.580823284257189,0.024551791176073076,0.04687835614543437,0.1118315374228402,-0.0644699603191639,-0.005870659727748023,0.004765048418353486,-0.00022125527998146546,0,0
SSEN-461800210002,-1.3976398484282337,-0.8399121827009608,-0.13898278323202964,0.1463852391029277,-0.49817229888422443,-0.00846545686843736,-0.031758668737661935,-0.006592974507497793,0.018473771234497397,-0.010610215394436349,0.011489756735459296,-0.0002291376923113832,0,0
SSEN-461800210003,2.3865120244926405,1.0300857422494383,0.27870086580949216,-0.29759198610710685,-0.43293154821824303,-0.07172623433786934,-0.2352066062811769,0.12644475346646009,-0.17117392729124997,-0.047175694738319514,-0.024682177975807598,9.450519960234724e-05,1,1
SSEN-461800210004,-0.6331158772611377,-0.9023534344773365,-0.6450274726445088,0.31960864204430095,-0.5270903136577091,0.03531118768728707,-0.2016790340682079,0.06296997745975039,0.01253251944914818,0.009582453351542406,0.008395381387294992,0.00020687346736929073,0,0
SSEN-461800310001,-0.03672761737276877,0.9443667767641838,-0.5958715825249148,-0.07236515856232806,-1.3994017259708398,0.15677765696535087,0.07918923666461664,0.15123540398910235,-0.07796038769634922,-0.0073107008490144315,-0.005664640533095515,5.488263690757746e-05,0,0
SSEN-461800310002,-2.1900887689734625,-0.5598655085838681,-0.7208537556639594,0.15790040872086925,0.2897164023044484,0.32867088874892647,0.02153887921570644,0.02429804506574325,0.09125974873999632,-0.013156102720392863,-0.02476406688000913,8.910878782109146e-05,0,0
SSEN-461800310003,-1.3225315988945978,4.974723780201905,-0.5356268548130334,-1.3423384249687014,-3.613952058501545,0.20664043730972262,-0.46451218296150754,0.10599676110477463,0.05414766503515675,-0.025820489099788322,-0.2463787033061749,0.0009324405456326006,0,0
SSEN-461800310004,-1.8129278967418112,-1.7758157847283607,0.3728651740229638,-0.1264115715085723,-0.4276420700186475,-0.2936069549136088,-0.05892970785203058,0.026341983628399804,0.06927853190536064,-0.008553362529501885,-0.010656329984812224,-5.349384880370383e-05,0,0
SSEN-461800310005,-2.0278197915740974,-1.503789540320047,-0.21111275347720462,0.23189251304986244,0.10826543978854891,-0.5326895432998947,0.1385402925517937,-0.05788390815740015,0.07858029319762985,-0.05281275427388641,-0.02523660435778306,-0.00035475134937517126,0,0
SSEN-461800312001,1.2485814631221632,-0.8979230162554078,-0.017042217731985887,0.3293612395447667,0.6143986978052655,0.1584909400943603,-0.4306478427707198,0.003957402398076257,-0.030180204890187242,0.0008523858644868747,0.023305586683177726,0.00010329623867696961,0,1
SSEN-461800312002,-0.6457320309832407,-1.6123457743912415,0.21061217247621652,0.07051315349414597,0.1225228741933343,-0.09210813405554422,-0.40279507951544236,0.06437853041400296,-0.003814354669811314,0.032466557258739905,0.02202167854653325,7.309817462382005e-05,0,0
SSEN-461800312003,-1.1902771110896735,0.8119281915012777,0.5878284791600442,-0.032982009039923904,0.15893831718721566,-0.5690942532185181,0.10735448153651729,0.03756712038222966,-0.10392659325111189,0.00596912290248245,0.015030747989683358,-0.0002571368705368425,0,0
SSEN-461800312005,0.6794168730643987,-0.6443727422590028,-0.15454466071255554,0.3311600095456929,0.2393520752052658,0.139850671687788,-0.2010940069653903,0.015720318089482998,-0.01987115967393942,0.012993281352963213,0.00532713689861503,0.0003573708655160603,0,1
SSEN-461800316001,0.2438757844881383,-1.4946192483570557,-0.5782202957103013,0.5867283016133944,0.15908383752632577,0.0583227820268457,-0.21603072832803724,-0.08200414301489665,0.025397687514392267,0.0030815329959474774,0.007873484952930944,0.0001837436945367734,0,0
SSEN-461800316002,-1.0593825225879738,-3.072751891839777,-1.1994797511604238,1.1966312780262123,0.5367891291571566,0.17235892161395666,-0.15120651058537388,-0.34053697795914395,0.07666360688329865,-0.07630517583337611,-0.02864871714295859,-0.00036246559456678607,0,0
SSEN-461800510001,-0.028111278018737303,-1.8316461738970709,-0.56051983951495,0.7027111668743767,0.2773915978340885,0.0948063960018761,-0.13129494023383922,-0.15445722232213824,0.0446597569151341,-0.011588247353069037,-0.006117120995365063,-0.00020214340792470617,0,0
SSEN-461800510003,0.22809355741540088,-1.2626508522227171,-0.4760796936057505,0.4996948837247684,-0.05973169954614439,0.07591266478491039,-0.04113263582204503,-0.07388989566460533,0.05187729955163539,0.0008883467341585119,-6.610278928458741e-05,-0.00013335133768585557,0,0
SSEN-461800512001,0.06537705635845087,-1.3486642310151513,-0.5280822599324911,0.3230512856184079,-0.5658387336338382,0.19388687712771818,-0.10111658559390808,-0.041728141049021054,0.03709951356869729,-0.0024297853147348626,0.005759874637735068,-0.0001068551609910413,0,0
SSEN-461800512002,-0.46196682013701246,-1.7533455865391538,-0.30068337220265867,0.5282620030694759,0.040196986134492574,-0.1002465662706888,0.09298475509577758,-0.22215819765295527,0.005814472103100138,-0.03509659356992547,-0.026496014264443556,-0.000380141714201975,0,0
SSEN-461800512003,-0.12173489047622894,-0.8387919696862717,0.2770284112001047,0.16718066483970545,-0.15115674329324355,-0.18550278655716917,0.4243260976251586,-0.28076817743925875,-0.056898716403122246,-0.00023364323961042388,-0.022994555768389515,-0.0002477583645894965,0,0
SSEN-461800524001,1.643387596803926,-0.5956834030538204,1.036557031503413,-0.4581644787819987,-0.48233837280927083,-0.26866241601990365,0.3015709099740238,-0.2656378675426998,-0.10137236771398918,0.09610777892378441,-0.03242161642766613,-4.499384037849758e-05,1,1
SSEN-461800524002,0.3996210376754271,-0.5757839262168049,0.556211855656882,-0.02614041546018968,-0.04199348904872372,-0.14683841580399798,0.17225816695046467,-0.1830408893657747,-0.10882925545363549,0.027208810336534717,-0.017346839893322225,-0.0005774898308950636,0,0
SSEN-461800524003,0.6890786982273217,0.0758601012903274,0.13368799070754375,0.11488906455184171,0.20571528038257345,0.04028758975974091,-0.19610147691955956,0.012215371159372228,-0.12214794243825482,-0.009868993244441708,-0.0036280503403976158,8.341746327557118e-05,0,1
SSEN-461800524004,0.11988788458060529,-0.6553834069590958,-0.11305927526098883,0.3504462069449217,0.16289164258225877,0.022915057841967502,-0.0993681221796933,-0.05540899741637237,-0.05630574385431813,0.007391935540932675,0.0021109590100035123,-0.0003865863394307255,0,0
SSEN-461800528003,-2.21347465534858,-0.18616508064262366,0.5766216817484838,0.5142251171819818,1.7119061872961236,0.35942794635284253,-0.16129200879972505,0.06458860803060427,-0.013817060812394226,0.014271985480210927,2.9381966881070907e-05,5.5706463611497884e-05,0,0
SSEN-461800528004,1.255029772779666,-1.1276863964169956,-0.8575352543178106,0.754025605845651,0.15138162484107698,0.21621335546930404,-0.078815115012379,-0.07263729056976241,0.096077297381491,0.0023363314221586592,0.005316024459304164,-0.00014714146893126968,0,1
SSEN-461800530001,0.8067857474068444,0.891580306688401,-0.8810914549717723,0.4964077260937072,-0.6424703644398937,0.1561986324769127,0.38708615848610367,0.11611012111347906,-0.0709015064692333,0.017159699408522917,0.017902832468400985,-4.624186929484312e-05,1,1
SSEN-461800530002,-2.5740470244259988,2.6710041039652284,1.958580710208303,-0.7300120664842177,0.6139894450571663,-0.5653591575901014,0.08692038405457204,0.05771922422465675,-0.11736049761231514,0.019917107510721576,0.03650665863399374,0.0021309594787131346,0,0
SSEN-461800614001,-2.2210552474365093,-0.5229392147484655,0.6625151725370966,0.05105563169939358,0.4419514770943569,-0.30683875639341956,0.008899832117453514,0.06434157561181832,0.02267968574645528,-0.004488351152305694,-0.0018741714793891803,-0.00023104745269801854,0,0
SSEN-461800614002,-1.316195044719486,-0.2664643962716371,0.8837556094080224,-0.6674399767572439,-0.980437338008152,-0.15041261504584214,-0.004728666965718595,0.018714850333023652,-0.04593012481863646,0.005849586167917927,0.011880881268286073,-0.00019043657615623182,0,0
SSEN-461800614003,1.7021538229753908,-0.06360678732083981,1.006330740165317,-0.626536697790163,-0.37583786751279563,-0.13580599639381752,-0.20704867555772594,0.021139607974636054,-0.10060048890859909,-0.012150701136593738,0.005806210527267667,3.199161652189442e-05,1,1
SSEN-461800614004,1.1452504195284186,0.11850087556259106,0.9606754233868025,-0.5674813079811872,-0.29097660547456977,-0.11337254268240417,-0.31105541427479194,0.025561339979536843,-0.17216643166052395,-0.006973098758856291,-6.343192508112222e-05,-4.595765663268274e-05,1,1
SSEN-461800614005,-1.2034834338933582,0.4715837296558174,1.469145180820972,-0.5555835401189716,0.37800596611655735,-0.38452477333865737,-0.1820691644245875,0.06410615038834562,-0.18070804145617467,0.02917924828104635,0.002803498977826105,-9.188932611106465e-05,0,0
SSEN-461800614006,0.683915765527302,-0.7747517556014607,-0.22677890333536785,0.14722610494598598,-0.5048831066145487,0.03113378247027306,-0.002456488471217999,-0.06475385365297709,-0.022336550692893226,0.005172405096199092,0.002155373060707476,7.589575676353857e-05,0,1
SSEN-461800614007,-1.2047673756460586,0.42713780244594884,0.5702134533330924,-0.31152813395773327,-0.3636829060531182,-0.3073115007625835,-0.1454324529392278,0.06549674805222962,-0.07088212077435067,0.024092019977599438,0.022550150597776448,-4.9539497712435655e-06,0,0
SSEN-461800614008,-1.4264111522395566,-0.4020127603115529,0.4315412099001712,-0.13463436539964116,-0.3770032932730927,-0.36510990228791645,0.1058670624333928,-0.013565635635180429,-0.025181307993499796,-0.01824330775103595,-0.003350415720173912,-0.0002993488621386297,0,0
SSEN-461800702001,-2.732985832728836,0.3201174257357934,0.606869652619576,-0.6015028588031246,-0.7975073845923568,0.41751995370334793,-0.46114787725502704,0.32590922446618215,0.18072207661991188,0.11749128052134869,0.012983969202001126,0.0006821688758832905,0,0
SSEN-461800702004,-2.81221102865908,1.9969080548105156,0.11458424657938525,-0.3017030766036343,-0.13167884793633813,-0.4301334498820009,-0.6437528436961875,0.2982910572702456,0.23453237470755364,0.13412432270032218,0.0034790264188780578,0.0002896705695536058,0,0
SSEN-461800702005,-2.7839513776964666,0.497218314028078,0.16309254111287125,-0.2567225217844065,-0.8829113125260901,-0.3524481785282027,0.4377804841378938,-0.08760442099903694,0.08397896553163452,-0.07791006328997575,0.06804749208656163,-0.0010101198656848947,0,0
SSEN-461800702006,-1.6571338730374137,-0.13303334748549567,-0.26847295389221004,0.48094252869983267,0.1162432959491347,-0.05279250223342412,0.09510444233206808,-0.03529806389063302,-0.007918424756883839,-0.028210301578752657,0.019873230447091057,-0.0003586557870181799,0,0
SSEN-461800704001,0.518597347136574,-0.8793586876430037,0.045294026830371904,0.05216388904719417,-0.3718606856304856,0.06352021634952433,-0.05342744429487752,-0.05133449285782664,-0.021851667806779766,0.011931679262108235,0.0015271120010584179,8.736457726365063e-06,0,1
SSEN-461800704002,0.6090914479595566,-0.7484298568302731,-7.791580726037127,-8.076636644152462,1.7969629390811144,0.10372016340737766,0.45357121826251456,0.8111152563504447,-0.3272381124407346,0.03766115166341561,-0.003885435257888677,-0.0007820893372129397,0,1
SSEN-461800704004,1.294439229727201,-1.0424306361526854,-0.2873512799329474,0.3869371136249615,-0.0325352362630639,0.21207626111332722,-0.04141435512082332,-0.11548357301672463,0.052036730500771136,0.016591805857607195,0.00170732744538545,-0.00042356668522190705,0,1
SSEN-461800704005,-4.261505820125792,1.6771273752507443,2.3510069467838317,-0.9060926455724856,0.6886535006425548,0.2532587047836276,0.09049336413537612,0.13990260776478594,0.15665204238759092,0.019214575944667897,0.018380637023924284,-0.00023347257085262863,0,0
SSEN-461800710001,1.0319435138669082,-1.8612233716829767,0.1885281926846459,-0.00315834352488457,-0.317668168848418,0.01738663083368577,-0.21899508961900746,-0.1462559407144317,0.034281695516630475,0.004032590000889828,0.011341424688799073,0.0003508322637793161,0,1
SSEN-461800710002,-1.569896627079587,-1.0706488464742336,-0.4314165654567026,0.45785953139522423,-0.15669585550122472,-0.12853211792609984,0.020445836877595297,-0.04281715826986778,0.031483470499951975,-0.029252796232139076,0.009452626585420083,-0.00024180957099562516,0,0
SSEN-461800710003,2.6383748010732737,-0.6432408841152871,0.6738404889804761,-0.5345929641530125,-0.744475635884341,0.007799877941385261,-0.1834025584380349,-0.02866083303027807,-0.0022431587664326104,-0.021356545344089387,0.009752127011589777,0.00039251191941617276,1,1
SSEN-461800710004,-0.7505337115398107,-0.10364499921021825,0.2581511022161026,-0.18894335742816187,-0.6619435387437347,-0.20132576935761765,-0.026207407000417227,0.010809239506226153,-0.06444682538396598,0.0044391491961188944,0.014374504826672895,0.00010557910709666158,0,0
SSEN-461800802001,-0.36552346429061944,0.3882281236019248,-0.10296018384387637,0.05982939784098844,-0.5201656624140408,-0.16907172423741448,0.06527448739954539,-0.009489814460161375,-0.09874361970583607,-0.0009134139598909889,0.018502427303686987,2.734273155977899e-05,0,0
SSEN-461800802002,-2.1944895737588244,0.877277938472587,1.2053986499704727,-0.5324820534822945,-0.34309036393918935,-0.6358037264283821,0.1831374259811384,-0.038095683572653194,-0.036805367888596216,-0.016946418615872982,0.04167027728955477,-0.0007364921303328959,0,0
SSEN-461800802003,-1.3322653080004923,0.3948181691049377,-0.5963385157984763,0.43342065559041426,-0.5162807767642652,-0.04411024965289642,0.23520764911222344,-0.0417783084078365,-0.048003750473679184,-0.046141041563966784,0.034765302597150355,-0.0006534307342570909,0,0
SSEN-461800802004,0.024805285861939762,-0.6478961588118392,0.2599023754275387,-0.16724167362394382,-0.34913697577628433,-0.06250619825773675,-0.318626877394555,0.05393203902402942,-0.07450642454604026,0.011914291431914314,0.0080744397743035,2.240060638466266e-05,0,0
SSEN-461800802005,0.08067905387440982,-0.2857042345798352,-0.03064173792468656,-0.05905448875794256,-0.6252639085811583,-0.0024140513515021477,-0.12069540995898433,0.03113163171782093,-0.06690943511671281,0.0035860933978574066,0.003398753980155412,0.0003247824269977587,0,0
SSEN-461800804001,-2.1883701635660984,0.8140950485938906,0.7944799229748587,-0.49360185570730436,-0.46447363257450536,0.10366954321991449,-0.1678651836027314,0.11073119171918315,0.02662554040584335,0.03256647793172119,0.022772345408379142,-8.647356975985979e-05,0,0
SSEN-461800804002,1.2932984788843314,-0.7070451729625219,-0.18430948649913712,0.04877212261824213,-0.6290705175479924,0.03958411618571057,-0.026401108400023302,-0.03300889931435981,0.008285219796269927,0.001709648653372885,0.00048796039133437193,-0.00020870403409386072,1,1
SSEN-461800804003,-2.9468824882212217,1.0377632419404688,1.0962225251102191,-0.30601638922170316,0.14492741203748571,0.07015584165942809,0.18260712541637006,-0.022784572246993734,0.0384073747038099,-0.024767456838113093,0.04223594249084145,-0.000609633807059164,0,0
SSEN-461800804004,-2.185092610288271,0.7870723510665575,0.32587357243989495,-0.041387828651610614,-0.23130799574579833,0.042501192127827,0.028826366503630626,0.01697598216416141,0.013206733769183725,-0.007900598180583166,0.03675314580315522,-0.00034330616437041613,0,0
SSEN-462600102002,-0.7709751481084245,-0.5302312720340913,-0.19426876312583974,0.2665508345642566,-0.09565576327911313,0.08365376661483719,-0.18113614086818466,0.04468545321938894,-0.025797251058770142,0.005001480273145478,0.0047903065231892986,2.623116259179578e-05,0,0
SSEN-462600102004,-0.06949204813035148,-0.34827786711368564,-3.4233408002382575,3.551978904563316,3.9235971913514893,0.20061800346507774,-0.29584865868872184,-0.04431643508072594,-0.04017226649050139,-0.030220552925821046,-0.009176953169473897,-0.0001967364888454212,0,0
SSEN-462600128001,0.253095477623884,-2.285139893308197,-0.4148017102259641,0.5974339935883038,0.05695677864664049,-0.07524204544956452,0.03761131380596492,-0.3117562293469577,0.07547416916905043,-0.02700425921959919,-0.03568785967773329,-0.0002855115660867405,0,0
SSEN-462600128003,0.445922895006534,0.7355468377372338,-2.7951293281099625,1.392165029299848,-1.0332408227339565,1.1293437376541133,0.7366728582058488,0.4374206273759729,-0.16405361600424645,-0.05957804919438996,-0.02093180232369947,-0.0001234032419232794,0,1
SSEN-462600130003,1.2976195529824337,1.356527243703705,-0.815863963314771,1.5004601104106587,1.6991266847625242,-0.4268051320986959,0.8154165351976859,-0.21647656563671092,-0.0808838659857729,0.12324371017255319,0.04472294757043571,-1.3467374889769888e-05,1,1
SSEN-462600130004,0.19147446696503787,4.046173697841615,-0.7235918983338613,0.6418755694977838,0.37525386427024,-0.27253533433631943,0.45336154244558896,-0.03088281025357719,-0.27154704487860337,0.0533051712766283,0.09374565757546052,-0.0005965568951161335,1,1
SSEN-462600136001,0.37981756505909675,9.6424374657023,-1.826886507976599,0.5594139787313314,1.0853198817330905,-0.9100955648220174,-0.3120997628490643,-0.1860329556757895,-0.41644808215758866,-0.02666754863339786,0.04166729937634593,0.00025953474186734204,1,2
SSEN-462600136002,-2.567347963396109,-2.0696350198814932,0.3744662384039157,-0.3597234213647409,0.6557981711874313,-0.6106894570563023,0.27850179216120824,-0.0369487077351886,0.12296832739115615,-0.07067541176295623,-0.09901102323797165,-0.00017216757814693918,0,0
SSEN-462600136004,-1.4911053343513223,-1.141778236905068,-1.6307710530329846,0.8215174425477058,-0.1088490163001281,-0.11332318156540197,0.3755027063114018,-0.1828401186939034,-0.018926183205000165,-0.12222966014857874,0.0022620038794820044,-0.0006086373880802653,0,0
SSEN-462600148001,2.5273397660657966,1.5298253719231598,0.7302655494507141,-0.5725360024846193,-0.22374512941195804,-0.0642957581390414,-0.4653231025618949,0.18010051928862922,-0.29272346132415,-0.11977942398451334,-0.04650177307764231,0.000392024217239636,1,1
SSEN-462600148002,1.3689364073987424,1.3972921581172413,-1.375304495633416,1.2415209584188183,0.7060103082417033,0.1576409806064896,0.40093930010899054,0.19593583430014713,-0.018262289283687397,0.02695035627829564,0.014381794206507852,0.00021281739720211407,1,1
SSEN-462600148004,0.5127040953680101,-0.9799080748176209,-0.9816249380566493,1.288881187772224,1.5776774530138389,0.1383840755078841,-0.34863757802037093,-0.03901046053620748,0.01841598362823181,0.0034057664374836745,0.007293463395362749,0.0001936519070998756,0,1
SSEN-462600148005,2.7878641595411224,0.8931396528575664,0.13073074172079016,-0.11789626386426308,-0.2541442744944842,0.10673641395056455,-0.07315904400296873,0.12869548865637956,-0.05503201960582137,-0.04669449575282084,-0.025125546181905743,0.0004494248663342522,1,1
SSEN-462600150001,0.885133724426532,-0.5602170984722046,-0.4036096454867947,0.5715432222500859,0.04854318820176926,-0.0072222040133836755,0.2973846849521296,-0.12122144578637653,0.04034186341129983,0.04587675405656367,0.004411083099457315,1.4926724379081855e-06,0,1
SSEN-462600150002,0.6608925501148748,0.22191699220061678,0.7720961789714662,-0.013685231848737493,0.1262638215497773,-0.35676499686272184,0.5893907163766621,-0.29536793428721625,-0.1515358796601309,0.07889095070722306,-0.011249709971428056,-0.0004654364596963728,0,1
SSEN-462600150003,-0.78875668662074,1.250394630597723,-0.4945940609885353,0.32328089269586097,-0.2755922339123188,0.1816131190435238,0.17296857620335176,0.09112958979240249,-0.09566806443277202,-0.013976450142626487,0.012593968161972757,7.219615127861104e-06,0,0
SSEN-462600150004,-1.346411403554959,-1.6455518436762655,0.32035572277408253,0.16406434574103504,0.04294842994032291,-0.2839736691274767,0.03868997248836462,-0.06911184759242442,0.013869992593582983,-0.02647963878891528,-0.029416474297910004,-0.00015816097184834918,0,0
SSEN-462600208004,-0.9585473691810369,-0.7062154842552694,-1.619619361040202,1.3211221597571559,0.6475231548156798,-0.05853353322792395,0.13112163720196465,-0.12015233250636978,-0.030795268826138825,-0.059338763570204345,0.014005384148117316,-0.00027705170015220325,0,0
SSEN-462600309002,-5.241478023525666,3.56580184612031,3.341843298351362,-1.393242652426674,2.455105635202836,-0.22847985558490805,0.3395940276721898,0.10935744929697315,0.13139919025114719,-0.0035698416860768926,-0.0033418578728310533,0.0015496724411837317,0,0
SSEN-462600309003,-2.737879896957459,1.3740110476582355,-0.43281791807055997,0.6944273762889528,1.4936621565992525,0.21007252574471466,-0.2387060344960973,0.11414547580897015,0.1084901901583854,0.017756196241820142,-0.029653239324652192,0.0004277984970468885,0,0
SSEN-462600309004,2.6708673873469544,-0.5860439675727244,-0.1941854098338653,0.25206187045550227,0.4169928799033705,0.1721339793950791,-0.06023860306205793,-0.0839906710669673,0.1381657389501069,0.0250069770069815,0.010930921764784144,-0.00034616328513656944,1,1
SSEN-462600309005,0.9468603684333771,-0.7779252630934095,0.47040640469520223,-0.08416999397090083,0.12778593245725528,-0.05852119290119545,-0.21906274266566775,-0.0440509325839341,-0.08636029647146712,0.013872000581419927,0.0012550242285049459,-0.00011872003240629473,0,1
SSEN-462600310001,0.8896522800832608,-0.3218194612217601,-0.5088367275681481,-0.42308622917382155,-0.20462237836203018,0.03343750500512803,0.20364180188741374,-0.10731300914259924,-0.009241625398666702,0.009933540657537536,-0.003583217171371253,0.0014186130029504747,0,1
SSEN-462600310002,-0.13193299139823797,2.137799775333673,3.448242046185365,-0.9415906579560003,1.7308376397632916,-0.24022499457786423,0.8921449899526823,-0.5250107656444712,-0.6226482854859169,0.07944354179427023,-0.11395002316258872,0.00019770339204629953,0,0
SSEN-462600310003,1.0360144233450919,-0.9961241019686312,-0.28297756716977046,0.3052452505179496,-0.06687983427488259,0.035600621847206075,-0.16231735540130737,-0.05001557824285002,0.012227415569955694,0.002385871926360403,0.004510010971060087,0.00015143810415676562,0,1
SSEN-462600434001,-1.6923899275750467,2.0690512031427,-0.5041239593600664,0.18300189448222567,-0.7603970007244104,-0.033599063702943056,0.2622417669895582,0.017970449218293345,-0.0558892105500105,-0.021639139344238206,0.08249988209033436,5.947265693735699e-05,0,0
SSEN-462600434002,-2.3489700009545564,0.03218234788118309,0.3397818069354336,0.5060842011619163,1.6873696239601252,-0.11815432476702968,-0.3903178546668707,0.21496573996171817,0.045224770303289495,0.0595027259600429,0.008730408500523599,0.00038634345849665686,0,0
SSEN-462600434003,-0.9105281107801663,-0.18998582270959533,-0.5834518807152315,0.1912154993358948,-0.8515008516857856,0.22948007679514695,-0.06625049791386473,0.047171799506631876,-0.015599288688798365,-0.010638052985143706,0.0016552771376509067,-3.0649700677616836e-05,0,0
SSEN-462600434004,-0.5158632950718739,-0.6513160496852126,-0.22111695431811443,0.06962661337637858,-0.7178220742980409,0.1466240559039791,-0.07420872655723934,0.01945472654731685,-0.021777526725094504,-0.008814665303992542,0.003607959314284345,-0.00019734741028333954,0,0
SSEN-462600434005,1.2635394796324093,-0.531847636584909,-0.08155396237527762,-0.08934409577053926,-0.9432944928033319,0.24570283474875632,0.041719434885264126,-0.024365153637078092,0.0072158838067373325,-0.0015223212639320245,0.00414746200627468,-0.00012559658068114906,1,1
SSEN-462600602001,2.690824960896804,0.2994604421901797,0.35893209057708264,-0.17810310503407267,-0.40904754360097995,-0.005657601513828073,0.17963042417298833,0.019840338355519987,0.03540758982700411,0.01494125428186203,-0.018635310898008448,-0.00047421402065077865,1,1
SSEN-462600602002,0.8058812900055599,-1.1941115906107171,-0.2799440990590041,0.411126287634091,0.19800643643023982,-0.016343188293718423,-0.24773980322313316,-0.04636548676176072,0.02163326966461112,0.015288259387687415,0.0032450573647870317,-2.0243946869264818e-05,0,1
SSEN-462600602003,0.37331344931051635,-1.1422786531022222,-0.041900844615948715,0.4590190369857181,0.49007653525777845,-0.0866483138489662,-0.059036980123130536,-0.14861087068465326,-0.0351960458187451,0.008879229342649893,-0.01459868982904847,-0.00022857411849132574,0,0
SSEN-462600602004,-2.1496235513550883,-1.6911954704423102,0.33986950129542415,0.05265598964392138,-0.09847066736326085,-0.4576116373074318,0.15209009684328825,-0.019076583898395696,0.06844723293366815,-0.05206365365116533,-0.03557296461485666,-0.0003192743689548986,0,0
SSEN-462600602005,0.04487429587984846,-1.5002431872592645,-0.270625594152955,0.34838648521956106,0.10542032986255348,0.3213079868246159,-0.2628872154653018,-0.05850416405946363,0.020193570136280394,-0.000539478733292578,0.0067855761681098956,-8.19031876054177e-05,0,0
SSEN-462600615001,-1.0475023594672095,-0.6874886573197361,-0.3437204682235231,0.2560489082583585,1.2365507982816695,-0.2898988105371612,0.16085056881438278,-0.09222447997195075,-0.020360463939697794,-0.028721964815221778,-0.04574566658040722,-0.0001960421048660116,0,0
SSEN-462600615002,-2.0079846969156283,-1.292630331283153,0.4682307823731063,-0.1676297401006881,-0.438970651620259,-0.1412628035025547,-0.03666288975256252,0.052472060060530415,0.06416361601205108,-0.003759954477747921,-0.0021150192651236558,-0.0002807001987325621,0,0
SSEN-462600615003,-0.4038652636695949,0.62547620448623,0.8636497323328015,-0.3414904333445436,0.3338855828434003,-0.21984084554565622,-0.5042566606912176,0.1519673053112038,-0.1832780133650072,0.02370796980384885,0.004774054998392478,0.00027462375221619373,0,0
SSEN-462600615004,0.3659644097215203,-0.22779413845801802,-1.0289081781654488,1.1543664134701896,1.2270818261101157,0.10851850639757687,-0.31986937301879065,0.07495593695103814,-0.023750310709723315,0.004592175359475178,0.0011135548223359221,0.00011916288489015869,0,1
SSEN-462600615005,4.585842341618668,0.3592062351585946,0.7074608778789317,0.3846221199017849,2.1866464443588955,-0.15393405435769036,-0.44221454426564377,-0.020572288020497466,0.022424509516465487,-0.04354304597557269,0.030876715519097327,3.555019082023918e-05,1,1
SSEN-464000704001,-2.3277290658250944,-1.235418577005902,0.347754427835621,-0.04844810349972513,-0.11164471648928197,-0.3029133119503513,-0.03845827233015376,0.06190805528816296,0.10159966381087587,-0.0057296471783131,-0.007907433197778157,-0.00013324895896212665,0,0
SSEN-464000704002,2.4359151935942505,-0.3139815773806525,0.8315823146775738,-0.4239075758404846,-0.2662454828821353,-0.008839080910504069,-0.06987586054043367,-0.07279072753991714,-0.04014389621424115,0.007618306225513679,-0.00048556761741183467,-5.829238109921938e-05,1,1
SSEN-464000704003,-2.2818559519922412,-0.04760958370437695,-0.4194888600630833,0.26218378656292346,-0.14137457982486654,-0.13401262245147225,0.2823907634928753,0.07632319719509859,0.03370986128750768,-0.04046981249213768,0.03173393283251708,-0.00015273012126479834,0,0
SSEN-464000704004,0.7526089415198796,-0.9061368545605626,-0.41995370791987957,0.06198191978444724,-1.0503482382677383,0.19250520453809528,-0.01841989192589117,0.01507994149822172,0.03311735684422626,-0.0057458916241339515,0.002144398065036084,-0.00011412593599429914,0,1
SSEN-464000704005,3.097221945484809,0.048349363078909614,-0.13418222063013902,0.23938330301627975,-0.12506371453995277,0.2924347652699548,0.19536355765080743,0.017486839186569916,0.20268333742417544,0.03588996936321813,0.0027735975918398593,-9.079823824067718e-05,1,1
SSEN-490400102001,0.04224439476476056,-0.839357897239629,0.41274966318896555,-0.1429252355135426,-0.24783620787276767,-0.0671826048238715,-0.1822647814033006,-0.01778109063308385,-0.0734835508384038,0.007358753859018959,0.002622205700739723,-5.2554863717501876e-05,0,0
SSEN-490400102002,0.12588627087881152,-0.8961880684067987,0.9286905336569885,-0.4728693967021585,-0.2568083242607436,-0.1546463709363307,-0.24212604466419949,0.0023724840792872953,-0.12310652712325029,0.005067412304100054,0.0014339215479764655,0.0002476597197158263,0,0
SSEN-490400102003,3.9243454798805257,-0.12500113460193454,0.8224723774578905,-0.29414779979948225,0.23007197940566468,0.006307837080399693,-0.08085416593181441,-0.05981887389992668,0.1072300319278371,-0.008491053326940851,0.012046288673377458,-2.065548610443516e-05,1,1
SSEN-490400102004,0.8502057399299725,-0.16462963256718605,-0.3358073475514011,0.19813941428864165,-0.2771259287777713,0.14131630701106954,-0.18724009699351316,0.061962479802240955,-0.033314635387183565,-0.004774206887164713,-0.001653581004200373,2.271151970994796e-05,0,1
SSEN-490400102005,-5.546229175921666,1.7865218006358414,2.3782322416776576,-1.4729967216494892,2.8631457690546886,-0.6501405496239995,0.799816281693339,0.13413980748673712,0.27096276243989187,-0.05144973920358573,-0.011038051285940024,-0.000973137616360154,0,0
SSEN-490400102006,-1.4448586812628281,-1.146142254856274,0.543244742808414,-0.25456583781766456,-0.5079092151158701,-0.16355220841092888,0.24759228136084768,-0.13040117794284906,-0.018597641606413886,-0.043542634927369324,-0.01660809711840334,-0.0004587230187492269,0,0
SSEN-490400620001,-2.526801267836327,-1.6318151798301879,0.9470877668348358,0.17352873240142536,1.0867245629613067,-0.4480991417727817,-0.027639926427980813,0.1316854358841589,0.05632767340357852,-0.010988396804700984,-0.05358254482377579,-0.0001927698327574959,0,0
SSEN-490400620002,0.27864415727721936,2.392449477881621,-3.120309146011734,2.4774932980669053,1.8489446119089616,0.3269331336684081,0.05228634623464245,0.4057312188808114,-0.15411367176017712,-0.002961964095477793,-0.022691134892695877,0.00048559619153907825,1,1
SSEN-490400620003,5.813221006130994,1.9391478114940237,0.3448939518475952,0.5392213279207199,1.7813827566725622,0.1413266369586719,0.2390020691185531,0.16604127459386717,0.36470328581718814,0.07793518818895452,0.004681174247739078,-0.0001931110013423712,1,1
SSEN-490402010001,-0.6990947636257401,-0.4965219833649924,-0.19895603359659764,0.3117885313083315,0.042767440799316714,0.06963401234040438,-0.030677760456441584,-0.011085719652688567,-0.03594161270306437,-0.007697966072212365,0.00039200692747579693,-0.000266689888160229,0,0
SSEN-490402010002,2.6128496287890663,0.08711966938807732,-0.2855660301473804,0.16021171242796042,-0.4633962334451751,0.18592270493914306,0.0641311172427272,0.06054681573184337,0.08161545991116867,0.003947359587168277,-0.002469455045872465,-0.0003548935013855729,1,1
SSEN-490402010003,-0.5217678861316596,-0.8338517878272312,0.8019890143629217,-0.5043712317842011,-0.4981332527047314,-0.020373696963007712,-0.3386930625260482,0.1037720788211883,-0.07126012379881944,0.027537282793516416,0.014001632825284669,0.00021341638344365125,0,0
SSEN-490402010004,1.6796156559604838,-0.31892444574009327,0.29618199216450136,-0.22533619079803163,-0.5483163771503904,-0.10371258838952527,-0.12187079500557943,-0.02276898224646952,-0.07973726331424603,0.000605534584703883,0.0002206418170332041,-0.0002207883392450753,1,1
SSEN-490402010005,-0.525231447756893,0.01871776740419153,-0.2778324294493713,0.07278864902154743,-0.6130950259717753,-0.04567227619833334,-0.13700516281335706,0.09990782784352302,-0.03991619992361594,0.007211266318488204,-0.0005954331456070321,0.00042714935483821175,0,0
SSEN-490402400501,3.8553622384189548,0.2034411620575856,0.8086213083261172,-0.38246377674138426,-0.17149472299477755,0.08164494399632208,0.13685485666206518,-0.057612389009095474,0.12470178350426989,0.022877389272842108,0.005268004250245409,0.00023463275665333387,1,1
SSEN-490402400502,5.454274231638296,0.30451345048747114,1.4224270471050222,-0.628548453870347,0.343711426357739,-0.0003425527700781948,-0.0476590134013993,-0.044664636168959056,0.20111218826147176,-0.01477213307441246,0.02116101341812777,-0.0003190291930311223,1,1
SSEN-490402400503,-2.495035782972383,0.7107989017793938,-0.24316302563676484,-0.3432712196139784,-0.732154615369606,0.18741529168937385,-0.020979631249230916,0.09206663218198609,0.11860060276049236,0.025758576647859417,0.04123173510987833,0.0003068823999301563,0,0
SSEN-490402400505,-0.20547610244874623,-1.4872270207658442,-0.23387741406442936,0.20969327565727236,-0.3592046691388311,0.13201373459356774,-0.21927960486932604,-0.03499713018880785,0.02370713292519666,0.005399203208425057,0.011270749331208653,5.032088745173805e-05,0,0
SSEN-490700102002,-2.24714859179601,16.856120135818767,-4.637418517091189,1.3373013294649025,-0.9256644053651903,-0.4691108529457877,-0.4602875155208341,-0.6439479657376463,0.17305176614455964,-0.05961668848275936,-0.04417878826451618,-0.001137316284281283,1,2
SSEN-490700612001,2.721046456995064,-0.7800384943713949,-0.8866467024664392,0.8234607725253764,0.025587664853783904,0.3932776303204533,0.38183131180016655,-0.04019697561655853,0.4349874374948643,0.0798020613163574,0.008590900532184816,-0.0003906085314769405,1,1
SSEN-490700612002,-3.389750176185334,-0.06534421310991433,0.9723512379569264,-0.32986412006426846,-0.0015979518275186589,-0.7180358392262828,0.6587368429747704,-0.04992545551721739,0.09699224969956273,-0.12182517480527394,-0.004412976037531419,0.0006704484315073804,0,0
SSEN-490700612003,1.202751789776757,-0.40006331199605283,-0.5278043634863783,0.08148716950520608,-1.2191877587851456,0.38177565423404175,0.11254499989067614,0.05257324700122541,0.05085942460149871,-0.0020906050595582582,-0.0032335679387029974,-0.00010063638635179842,1,1
SSEN-490700612004,-1.3568092037094812,0.4411933216550608,-0.10060360640896762,0.015170140495378261,-0.38794169392225997,0.019533022583568416,0.016172591791253334,0.06991411777346151,-0.03157454017113192,-0.01967968332487689,-0.016834978378331044,0.0002914164435837135,0,0
SSEN-490700612005,0.8908696644606637,1.710990529847083,0.43686559075573905,0.2572316717001226,0.4938052497036613,-0.4428670238385411,0.6156377356524094,-0.1745042696613463,-0.22430524743954777,0.10670739872270703,0.048699322100604764,-0.00033565056895486684,1,1
SSEN-491001118001,0.8133009662757699,-0.7116596701116512,-1.133266062247929,0.5605190649527835,-0.6142137706134785,0.23226108593868042,0.07834645603166762,0.009262238792875998,0.04034219910535173,-0.008191419561162545,0.0013502598813500924,-0.00012864396304174914,0,1
SSEN-491001118002,-0.3152556465604879,-3.360021807055429,-4.215842436999148,-1.2853422182302219,0.2127063313627625,0.6545411878523479,0.7094360950790631,-0.7175435510388426,0.1480375426150877,-0.041364051457942565,0.02415810296566243,0.005545217333599241,0,0
SSEN-491001118003,-1.721666217728585,-0.4897097970342711,-1.4334933419721207,0.7375360648657706,0.37992813683057314,-0.15616138428558227,0.2984464963058193,-0.08230704287771506,0.009202567623643203,-0.08648236340298092,-0.01583091249272877,-0.00030477282986414043,0,0
SSEN-491100302001,-2.5724905522294645,2.338749207474145,0.5858548379742361,-0.7066924989844654,-1.218061081209148,0.5830715901624066,0.07001880934466931,0.10491299708663403,0.03386717565700122,0.01368154622833978,0.03636626337375678,0.0006227324877561239,0,0
SSEN-491100302003,0.4962754276195431,-2.730208600174127,-6.967874922424324,-8.244389195547901,2.7097298249910216,-0.16436836195589066,-0.5890694482244256,-0.5797158737834684,0.1722399044534136,0.013600880463631957,0.003425548693593272,-0.0011861703283791703,0,1
SSEN-491100602001,0.7864152469584612,-0.9735928585121163,-0.6184809567974895,0.27784098028053056,-0.9067580422513274,0.229713801106443,0.10996746229567514,-0.0619466346132347,0.04354501278346056,0.0013595069043918272,0.002161130321439646,-0.0002176831783633661,0,1
SSEN-491100602002,-1.4769703185737086,0.02810830320573162,-1.3966472373465693,0.8357073909824655,-0.3383455496866832,0.16872622345825172,0.14015248380927972,0.024274722800862375,-0.023381799066989756,-0.04265160312905692,0.035096997439065664,-0.00027049424476121935,0,0
SSEN-491100602003,0.565322107611117,-0.7143893575077935,0.08717128537334218,-0.026296856087382827,-0.30887569881446447,0.03360940111241243,-0.26168027162578017,0.011045894012901824,-0.06390326219291984,-0.005014577026747588,0.003596579410691051,-0.0001878135487407469,0,1
SSEN-491100602004,-0.3965390226232606,-0.20663850916226287,-0.03874568293309384,-0.039758583313430296,-0.7147478798715392,-0.20716374986417632,-0.06198009759502788,0.03746912170635622,-0.06068085520441077,-0.0024783857655654093,0.002348463550949449,-1.8442232604515426e-05,0,0
SSEN-491100604001,-0.40773608697842595,-1.0918434743810215,-0.5430823005490394,0.40578619169500935,-0.3488136069514206,0.09413406356326151,-0.07184259243110147,-0.035776365158683016,0.011520307599147687,-0.0007020571649104792,0.004440857513345991,0.00011383806233668643,0,0
SSEN-491100604003,-1.3100399162222887,-0.4844035067039229,0.8232135761185144,-0.3266213790786356,-0.1345845138758428,0.17359379481715348,-0.13680300850757435,0.060871270548133065,-0.04552372106321639,0.005715483449085466,-0.0014574736340039961,0.0008010651702639071,0,0
SSEN-491100604004,0.4428660112594773,-0.5044523299867872,-0.6507655510486843,0.6030134482867818,0.0407226249627559,0.1324323547504898,-0.008726778556133987,-0.02095667759503232,-0.007631336911519808,-0.010788308891926359,-0.005657999669039084,-0.0001975998718849004,0,1
SSEN-491100610001,0.44987826067991676,-0.803523322315051,-0.2762027528285901,0.02670435084402711,-0.9633431904958075,0.09201403504809391,-0.020561107647558516,-0.0027229693388409796,-0.002868522811280208,-0.01132152052844111,-0.001335071381085226,-0.0001109213286285102,0,1
SSEN-491100610002,0.02083284102625696,-2.0360326529338386,0.2734948886289979,0.09726634027412509,0.039494125724881264,-0.013668405500914364,-0.26059203014538884,-0.09678603689503075,0.008314043897326472,0.012872504473683771,0.0033026468939912007,-0.00013919463506813334,0,0
